approach_id,sample_id,management_id,side_label,lat,lon,center_lat,center_lon,source_scope,public_state,public_curb_lowering,public_tactile,geometry_quality,road_snap_distance_m,crosswalk_length_m,crosswalk_width_m,double_review_required,review_status,reviewer_1,review_1_date,review_1_curb,review_1_tactile,review_1_obstacle,review_1_result,review_1_note,reviewer_2,review_2_date,review_2_curb,review_2_tactile,review_2_obstacle,review_2_result,review_2_note,adjudication,ai_candidate_label,ai_confidence,ai_human_approved,evidence_date,evidence_url,ai_precheck_result,ai_precheck_note,ai_precheck_pass2_status
CW01-A,CW01,2024121199,A,37.40240149538004,126.92264614190194,37.40242493,126.9226883,asset_level_inherited_not_endpoint_verified,unknown,,,provisional_high,5.35,9.08,4.98,True,ai_precheck_complete_pending_human_review,,,,,,,,,,,,,,,,tactile_absent_candidate,0.76,,2025-11-17 14:28:24,"https://map.kakao.com/link/roadview/37.4024015,126.9226461",block,횡단 지점은 보이지만 점자블록이 보이지 않음,완료
CW01-B,CW01,2024121199,B,37.40244836461997,126.92273045809807,37.40242493,126.9226883,asset_level_inherited_not_endpoint_verified,unknown,,,provisional_high,5.35,9.08,4.98,True,ai_precheck_complete_pending_human_review,,,,,,,,,,,,,,,,visibility_review_needed,0.52,,2025-11-17 14:28:24,"https://map.kakao.com/link/roadview/37.4024484,126.9227305",unknown,착지부가 카메라 직하부·화면 밖에 있어 핵심 시설을 확인할 수 없음,완료
CW02-A,CW02,2024121207,A,37.402241089845866,126.9216533145511,37.40225438,126.9216164,asset_level_inherited_not_endpoint_verified,unknown,,,provisional_high,0.64,7.16,4.12,False,ai_precheck_complete_pending_human_review,,,,,,,,,,,,,,,,geometry_mismatch_candidate,0.58,,2025-12-01 13:09:30,"https://map.kakao.com/link/roadview/37.4022411,126.9216533",unknown,접근부 추정점과 영상의 실제 횡단 착지부가 정합하지 않음,비대상
CW02-B,CW02,2024121207,B,37.40226767015414,126.92157948544892,37.40225438,126.9216164,asset_level_inherited_not_endpoint_verified,unknown,,,provisional_high,0.64,7.16,4.12,False,ai_precheck_complete_pending_human_review,,,,,,,,,,,,,,,,geometry_mismatch_candidate,0.58,,2025-12-01 13:09:30,"https://map.kakao.com/link/roadview/37.4022677,126.9215795",unknown,접근부 추정점과 영상의 실제 횡단 착지부가 정합하지 않음,비대상
CW03-A,CW03,2024121198,A,37.40300229204492,126.92225900640435,37.40302041,126.9222916,asset_level_inherited_not_endpoint_verified,unknown,,,provisional_high,3.4,7.02,6.48,True,ai_precheck_complete_pending_human_review,,,,,,,,,,,,,,,,occlusion_review_needed,0.52,,2025-11-17 14:28:34,"https://map.kakao.com/link/roadview/37.4030023,126.9222590",unknown,차량·적치물 또는 공사물로 핵심 시설이 가려짐,완료
CW03-B,CW03,2024121198,B,37.40303852795509,126.92232419359563,37.40302041,126.9222916,asset_level_inherited_not_endpoint_verified,unknown,,,provisional_high,3.4,7.02,6.48,True,ai_precheck_complete_pending_human_review,,,,,,,,,,,,,,,,geometry_mismatch_candidate,0.58,,2025-11-17 14:28:34,"https://map.kakao.com/link/roadview/37.4030385,126.9223242",unknown,접근부 추정점과 영상의 실제 횡단 착지부가 정합하지 않음,완료
CW04-A,CW04,2024121191,A,37.402219732308936,126.92134421014717,37.40225822,126.9214135,asset_level_inherited_not_endpoint_verified,unknown,,,provisional_high,4.72,14.92,14.37,False,ai_precheck_complete_pending_human_review,,,,,,,,,,,,,,,,construction_block_candidate,0.82,,2025-12-01 13:09:31,"https://map.kakao.com/link/roadview/37.4022197,126.9213442",block,횡단 진행 방향이 공사 가림막으로 막힌 후보,비대상
CW04-B,CW04,2024121191,B,37.402296707691065,126.92148278985283,37.40225822,126.9214135,asset_level_inherited_not_endpoint_verified,unknown,,,provisional_high,4.72,14.92,14.37,False,ai_precheck_complete_pending_human_review,,,,,,,,,,,,,,,,likely_accessible_candidate,0.82,,2025-12-01 13:09:31,"https://map.kakao.com/link/roadview/37.4022967,126.9214828",pass,경사로와 점자블록이 보이고 통행공간이 열려 있음,비대상
CW05-A,CW05,2024121201,A,37.40215763504363,126.92291684588432,37.40217779,126.9229561,asset_level_inherited_not_endpoint_verified,unknown,,,provisional_high,0.47,8.25,7.71,True,ai_precheck_complete_pending_human_review,,,,,,,,,,,,,,,,likely_accessible_candidate,0.82,,2025-11-17 14:28:18,"https://map.kakao.com/link/roadview/37.4021576,126.9229168",pass,경사로와 점자블록이 보이고 통행공간이 열려 있음,완료
CW05-B,CW05,2024121201,B,37.40219794495638,126.92299535411566,37.40217779,126.9229561,asset_level_inherited_not_endpoint_verified,unknown,,,provisional_high,0.47,8.25,7.71,True,ai_precheck_complete_pending_human_review,,,,,,,,,,,,,,,,visibility_review_needed,0.52,,2025-11-17 14:28:18,"https://map.kakao.com/link/roadview/37.4021979,126.9229954",unknown,착지부가 카메라 직하부·화면 밖에 있어 핵심 시설을 확인할 수 없음,완료
CW06-A,CW06,2024121072,A,37.4017671465952,126.92166571676718,37.40180602,126.921626,asset_level_inherited_not_endpoint_verified,unknown,,,provisional_high,1.4,11.1,7.96,False,ai_precheck_complete_pending_human_review,,,,,,,,,,,,,,,,occlusion_review_needed,0.52,,2025-12-01 14:54:27,"https://map.kakao.com/link/roadview/37.4017671,126.9216657",unknown,차량·적치물 또는 공사물로 핵심 시설이 가려짐,비대상
CW06-B,CW06,2024121072,B,37.401844893404814,126.92158628323284,37.40180602,126.921626,asset_level_inherited_not_endpoint_verified,unknown,,,provisional_high,1.4,11.1,7.96,False,ai_precheck_complete_pending_human_review,,,,,,,,,,,,,,,,occlusion_review_needed,0.52,,2025-12-01 14:54:27,"https://map.kakao.com/link/roadview/37.4018449,126.9215863",unknown,차량·적치물 또는 공사물로 핵심 시설이 가려짐,비대상
CW07-A,CW07,2024121209,A,37.40172334566271,126.92173024130342,37.40173706,126.9217644,asset_level_inherited_not_endpoint_verified,unknown,,,provisional_high,3.53,6.76,6.05,True,ai_precheck_complete_pending_human_review,,,,,,,,,,,,,,,,geometry_mismatch_candidate,0.58,,2025-12-01 13:09:25,"https://map.kakao.com/link/roadview/37.4017233,126.9217302",unknown,접근부 추정점과 영상의 실제 횡단 착지부가 정합하지 않음,완료
CW07-B,CW07,2024121209,B,37.4017507743373,126.9217985586966,37.40173706,126.9217644,asset_level_inherited_not_endpoint_verified,unknown,,,provisional_high,3.53,6.76,6.05,True,ai_precheck_complete_pending_human_review,,,,,,,,,,,,,,,,geometry_mismatch_candidate,0.58,,2025-12-01 13:09:25,"https://map.kakao.com/link/roadview/37.4017508,126.9217986",unknown,접근부 추정점과 영상의 실제 횡단 착지부가 정합하지 않음,완료
CW08-A,CW08,2024121206,A,37.40151630806864,126.92345020395895,37.40153402,126.9234847,asset_level_inherited_not_endpoint_verified,unknown,,,provisional_high,0.44,7.25,6.72,False,ai_precheck_complete_pending_human_review,,,,,,,,,,,,,,,,occlusion_review_needed,0.52,,2025-11-17 14:28:06,"https://map.kakao.com/link/roadview/37.4015163,126.9234502",unknown,차량·적치물 또는 공사물로 핵심 시설이 가려짐,비대상
CW08-B,CW08,2024121206,B,37.401551731931356,126.92351919604104,37.40153402,126.9234847,asset_level_inherited_not_endpoint_verified,unknown,,,provisional_high,0.44,7.25,6.72,False,ai_precheck_complete_pending_human_review,,,,,,,,,,,,,,,,visibility_review_needed,0.52,,2025-11-17 14:28:06,"https://map.kakao.com/link/roadview/37.4015517,126.9235192",unknown,착지부가 카메라 직하부·화면 밖에 있어 핵심 시설을 확인할 수 없음,비대상
CW09-A,CW09,2024121203,A,37.4012455863223,126.92224733040224,37.40126888,126.9222862,asset_level_inherited_not_endpoint_verified,unknown,,,provisional_high,0.58,8.59,7.16,True,ai_precheck_complete_pending_human_review,,,,,,,,,,,,,,,,geometry_mismatch_candidate,0.58,,2025-11-18 11:48:15,"https://map.kakao.com/link/roadview/37.4012456,126.9222473",unknown,접근부 추정점과 영상의 실제 횡단 착지부가 정합하지 않음,완료
CW09-B,CW09,2024121203,B,37.40129217367772,126.92232506959778,37.40126888,126.9222862,asset_level_inherited_not_endpoint_verified,unknown,,,provisional_high,0.58,8.59,7.16,True,ai_precheck_complete_pending_human_review,,,,,,,,,,,,,,,,geometry_mismatch_candidate,0.58,,2025-12-01 13:09:18,"https://map.kakao.com/link/roadview/37.4012922,126.9223251",unknown,접근부 추정점과 영상의 실제 횡단 착지부가 정합하지 않음,완료
CW10-A,CW10,2024121208,A,37.40122776316556,126.92368033197005,37.40125246,126.9237238,asset_level_inherited_not_endpoint_verified,unknown,,,provisional_high,1.35,9.43,8.03,False,ai_precheck_complete_pending_human_review,,,,,,,,,,,,,,,,occlusion_review_needed,0.52,,2025-11-17 14:28:00,"https://map.kakao.com/link/roadview/37.4012278,126.9236803",unknown,차량·적치물 또는 공사물로 핵심 시설이 가려짐,비대상
CW10-B,CW10,2024121208,B,37.40127715683444,126.92376726802996,37.40125246,126.9237238,asset_level_inherited_not_endpoint_verified,unknown,,,provisional_high,1.35,9.43,8.03,False,ai_precheck_complete_pending_human_review,,,,,,,,,,,,,,,,tactile_absent_candidate,0.76,,2025-11-17 14:28:00,"https://map.kakao.com/link/roadview/37.4012772,126.9237673",block,횡단 지점은 보이지만 점자블록이 보이지 않음,비대상
CW11-A,CW11,2024121196,A,37.401019360005925,126.92269349040264,37.40103172,126.9227142,asset_level_inherited_not_endpoint_verified,unknown,,,provisional_high,4.77,4.57,4.56,False,ai_precheck_complete_pending_human_review,,,,,,,,,,,,,,,,geometry_mismatch_candidate,0.58,,2025-11-18 14:46:16,"https://map.kakao.com/link/roadview/37.4010194,126.9226935",unknown,접근부 추정점과 영상의 실제 횡단 착지부가 정합하지 않음,비대상
CW11-B,CW11,2024121196,B,37.40104407999407,126.92273490959737,37.40103172,126.9227142,asset_level_inherited_not_endpoint_verified,unknown,,,provisional_high,4.77,4.57,4.56,False,ai_precheck_complete_pending_human_review,,,,,,,,,,,,,,,,geometry_mismatch_candidate,0.58,,2025-11-18 14:46:16,"https://map.kakao.com/link/roadview/37.4010441,126.9227349",unknown,접근부 추정점과 영상의 실제 횡단 착지부가 정합하지 않음,비대상
CW12-A,CW12,2024121197,A,37.40099326142671,126.92264523773848,37.40100243,126.9226606,asset_level_inherited_not_endpoint_verified,unknown,,,provisional_high,0.96,3.39,2.87,True,ai_precheck_complete_pending_human_review,,,,,,,,,,,,,,,,geometry_mismatch_candidate,0.58,,2025-11-18 14:46:16,"https://map.kakao.com/link/roadview/37.4009933,126.9226452",unknown,접근부 추정점과 영상의 실제 횡단 착지부가 정합하지 않음,완료
CW12-B,CW12,2024121197,B,37.401011598573284,126.92267596226152,37.40100243,126.9226606,asset_level_inherited_not_endpoint_verified,unknown,,,provisional_high,0.96,3.39,2.87,True,ai_precheck_complete_pending_human_review,,,,,,,,,,,,,,,,geometry_mismatch_candidate,0.58,,2025-11-18 14:46:16,"https://map.kakao.com/link/roadview/37.4010116,126.9226760",unknown,접근부 추정점과 영상의 실제 횡단 착지부가 정합하지 않음,완료
CW13-A,CW13,2024121190,A,37.40083738053178,126.92194039159135,37.400866,126.9218769,asset_level_inherited_not_endpoint_verified,unknown,,,provisional_high,1.68,12.89,11.18,False,ai_precheck_complete_pending_human_review,,,,,,,,,,,,,,,,geometry_mismatch_candidate,0.58,,2025-11-18 15:01:57,"https://map.kakao.com/link/roadview/37.4008374,126.9219404",unknown,접근부 추정점과 영상의 실제 횡단 착지부가 정합하지 않음,비대상
CW13-B,CW13,2024121190,B,37.40089461946822,126.92181340840867,37.400866,126.9218769,asset_level_inherited_not_endpoint_verified,unknown,,,provisional_high,1.68,12.89,11.18,False,ai_precheck_complete_pending_human_review,,,,,,,,,,,,,,,,tactile_absent_candidate,0.76,,2025-11-18 11:52:27,"https://map.kakao.com/link/roadview/37.4008946,126.9218134",block,경사로는 보이나 점자블록이 보이지 않음,비대상
CW14-A,CW14,2024120086,A,37.39951423562795,126.92380849157105,37.39955921,126.9238808,asset_level_inherited_not_endpoint_verified,unknown,,,provisional_high,0.47,16.2,15.79,True,ai_precheck_complete_pending_human_review,,,,,,,,,,,,,,,,likely_accessible_candidate,0.82,,2025-11-18 14:45:30,"https://map.kakao.com/link/roadview/37.3995142,126.9238085",pass,경사로와 점자블록이 보이고 통행공간이 열려 있음,완료
CW14-B,CW14,2024120086,B,37.399604184372045,126.92395310842896,37.39955921,126.9238808,asset_level_inherited_not_endpoint_verified,unknown,,,provisional_high,0.47,16.2,15.79,True,ai_precheck_complete_pending_human_review,,,,,,,,,,,,,,,,likely_accessible_candidate,0.82,,2025-11-18 14:45:30,"https://map.kakao.com/link/roadview/37.3996042,126.9239531",pass,경사로와 점자블록이 보이고 통행공간이 열려 있음,완료
CW15-A,CW15,2024122521,A,37.398330514879135,126.92430267046433,37.39838246,126.9242529,asset_level_inherited_not_endpoint_verified,unknown,,,provisional_high,0.73,14.47,12.5,False,ai_precheck_complete_pending_human_review,,,,,,,,,,,,,,,,geometry_mismatch_candidate,0.58,,2025-11-18 11:45:38,"https://map.kakao.com/link/roadview/37.3983305,126.9243027",unknown,접근부 추정점과 영상의 실제 횡단 착지부가 정합하지 않음,비대상
CW15-B,CW15,2024122521,B,37.39843440512087,126.92420312953567,37.39838246,126.9242529,asset_level_inherited_not_endpoint_verified,unknown,,,provisional_high,0.73,14.47,12.5,False,ai_precheck_complete_pending_human_review,,,,,,,,,,,,,,,,geometry_mismatch_candidate,0.58,,2025-11-18 11:49:28,"https://map.kakao.com/link/roadview/37.3984344,126.9242031",unknown,접근부 추정점과 영상의 실제 횡단 착지부가 정합하지 않음,비대상
CW16-A,CW16,2024122517,A,37.39751862266188,126.92279839429749,37.39758646,126.9227402,asset_level_inherited_not_endpoint_verified,unknown,,,provisional_high,1.36,18.19,12.5,True,ai_precheck_complete_pending_human_review,,,,,,,,,,,,,,,,likely_accessible_candidate,0.82,,2025-11-18 14:18:05,"https://map.kakao.com/link/roadview/37.3975186,126.9227984",pass,경사로와 점자블록이 보이고 통행공간이 열려 있음,완료
CW16-B,CW16,2024122517,B,37.397654297338114,126.92268200570251,37.39758646,126.9227402,asset_level_inherited_not_endpoint_verified,unknown,,,provisional_high,1.36,18.19,12.5,True,ai_precheck_complete_pending_human_review,,,,,,,,,,,,,,,,likely_accessible_candidate,0.82,,2025-11-18 14:18:05,"https://map.kakao.com/link/roadview/37.3976543,126.9226820",pass,경사로와 점자블록이 보이고 통행공간이 열려 있음,완료
CW17-A,CW17,2024122512,A,37.39667273168306,126.92338647331106,37.39670022,126.9233629,asset_level_inherited_not_endpoint_verified,unknown,,,provisional_high,0.19,7.37,6.22,False,ai_precheck_complete_pending_human_review,,,,,,,,,,,,,,,,occlusion_review_needed,0.52,,2025-11-18 15:24:23,"https://map.kakao.com/link/roadview/37.3966727,126.9233865",unknown,차량·적치물 또는 공사물로 핵심 시설이 가려짐,비대상
CW17-B,CW17,2024122512,B,37.396727708316945,126.92333932668895,37.39670022,126.9233629,asset_level_inherited_not_endpoint_verified,unknown,,,provisional_high,0.19,7.37,6.22,False,ai_precheck_complete_pending_human_review,,,,,,,,,,,,,,,,visibility_review_needed,0.52,,2025-11-18 15:24:23,"https://map.kakao.com/link/roadview/37.3967277,126.9233393",unknown,착지부가 카메라 직하부·화면 밖에 있어 핵심 시설을 확인할 수 없음,비대상
CW18-A,CW18,2024122514,A,37.39581829178769,126.9241050997271,37.39585333,126.9240758,asset_level_inherited_not_endpoint_verified,unknown,,,provisional_high,0.86,9.32,8.15,True,ai_precheck_complete_pending_human_review,,,,,,,,,,,,,,,,tactile_absent_candidate,0.76,,2025-12-01 14:08:47,"https://map.kakao.com/link/roadview/37.3958183,126.9241051",block,시장 진입 횡단 지점에 점자블록이 보이지 않음,완료
CW18-B,CW18,2024122514,B,37.39588836821232,126.92404650027288,37.39585333,126.9240758,asset_level_inherited_not_endpoint_verified,unknown,,,provisional_high,0.86,9.32,8.15,True,ai_precheck_complete_pending_human_review,,,,,,,,,,,,,,,,occlusion_review_needed,0.52,,2025-12-01 14:09:05,"https://map.kakao.com/link/roadview/37.3958884,126.9240465",unknown,차량·적치물 또는 공사물로 핵심 시설이 가려짐,완료
CW19-A,CW19,2024120083,A,37.39561913411808,126.9239184646548,37.39567724,126.9240285,asset_level_inherited_not_endpoint_verified,unknown,,,provisional_high,0.55,23.32,19.29,False,ai_precheck_complete_pending_human_review,,,,,,,,,,,,,,,,visibility_review_needed,0.52,,2025-12-01 13:50:22,"https://map.kakao.com/link/roadview/37.3956191,126.9239185",unknown,착지부가 카메라 직하부·화면 밖에 있어 핵심 시설을 확인할 수 없음,비대상
CW19-B,CW19,2024120083,B,37.39573534588192,126.92413853534521,37.39567724,126.9240285,asset_level_inherited_not_endpoint_verified,unknown,,,provisional_high,0.55,23.32,19.29,False,ai_precheck_complete_pending_human_review,,,,,,,,,,,,,,,,likely_accessible_candidate,0.82,,2025-12-01 14:08:44,"https://map.kakao.com/link/roadview/37.3957353,126.9241385",pass,경사로와 점자블록이 보이고 통행공간이 열려 있음,비대상
CW20-A,CW20,2024120362,A,37.39434797316774,126.92501464784056,37.39440509,126.9251215,asset_level_inherited_not_endpoint_verified,unknown,,,provisional_high,2.18,22.73,18.36,True,ai_precheck_complete_pending_human_review,,,,,,,,,,,,,,,,geometry_mismatch_candidate,0.58,,2025-12-01 13:50:35,"https://map.kakao.com/link/roadview/37.3943480,126.9250146",unknown,접근부 추정점과 영상의 실제 횡단 착지부가 정합하지 않음,완료
CW20-B,CW20,2024120362,B,37.39446220683226,126.92522835215944,37.39440509,126.9251215,asset_level_inherited_not_endpoint_verified,unknown,,,provisional_high,2.18,22.73,18.36,True,ai_precheck_complete_pending_human_review,,,,,,,,,,,,,,,,geometry_mismatch_candidate,0.58,,2025-12-01 14:08:27,"https://map.kakao.com/link/roadview/37.3944622,126.9252284",unknown,접근부 추정점과 영상의 실제 횡단 착지부가 정합하지 않음,완료
CW21-A,CW21,2025085034,A,37.39303756607922,126.92322375721096,37.39307064,126.923197,asset_level_inherited_not_endpoint_verified,public_explicit_present,있음,있음,provisional_high,0.34,8.71,6.0,True,ai_precheck_complete_pending_human_review,,,,,,,,,,,,,,,,likely_accessible_candidate,0.82,,2025-11-18 11:18:33,"https://map.kakao.com/link/roadview/37.3930376,126.9232238",pass,경사로와 점자블록이 보이고 통행공간이 열려 있음,완료
CW21-B,CW21,2025085034,B,37.39310371392077,126.92317024278903,37.39307064,126.923197,asset_level_inherited_not_endpoint_verified,public_explicit_present,있음,있음,provisional_high,0.34,8.71,6.0,True,ai_precheck_complete_pending_human_review,,,,,,,,,,,,,,,,visibility_review_needed,0.52,,2025-11-18 11:18:33,"https://map.kakao.com/link/roadview/37.3931037,126.9231702",unknown,착지부가 카메라 직하부·화면 밖에 있어 핵심 시설을 확인할 수 없음,완료
CW22-A,CW22,2025085029,A,37.39214078880838,126.92361853491747,37.39217999,126.9236939,asset_level_inherited_not_endpoint_verified,public_explicit_present,있음,있음,provisional_high,4.12,15.9,5.96,False,ai_precheck_complete_pending_human_review,,,,,,,,,,,,,,,,likely_accessible_candidate,0.82,,2025-11-17 11:58:28,"https://map.kakao.com/link/roadview/37.3921408,126.9236185",pass,경사로와 점자블록이 보이고 통행공간이 열려 있음,비대상
CW22-B,CW22,2025085029,B,37.39221919119162,126.92376926508251,37.39217999,126.9236939,asset_level_inherited_not_endpoint_verified,public_explicit_present,있음,있음,provisional_high,4.12,15.9,5.96,False,ai_precheck_complete_pending_human_review,,,,,,,,,,,,,,,,visibility_review_needed,0.52,,2025-11-17 11:58:28,"https://map.kakao.com/link/roadview/37.3922192,126.9237693",unknown,착지부가 카메라 직하부·화면 밖에 있어 핵심 시설을 확인할 수 없음,비대상
CW23-A,CW23,2025085023,A,37.39211628056607,126.92388323781566,37.39213835,126.9238653,asset_level_inherited_not_endpoint_verified,public_explicit_present,있음,있음,provisional_high,0.55,5.82,2.96,True,ai_precheck_complete_pending_human_review,,,,,,,,,,,,,,,,geometry_mismatch_candidate,0.58,,2025-11-18 10:22:37,"https://map.kakao.com/link/roadview/37.3921163,126.9238832",unknown,접근부 추정점과 영상의 실제 횡단 착지부가 정합하지 않음,완료
CW23-B,CW23,2025085023,B,37.39216041943393,126.92384736218435,37.39213835,126.9238653,asset_level_inherited_not_endpoint_verified,public_explicit_present,있음,있음,provisional_high,0.55,5.82,2.96,True,ai_precheck_complete_pending_human_review,,,,,,,,,,,,,,,,geometry_mismatch_candidate,0.58,,2025-11-18 10:22:37,"https://map.kakao.com/link/roadview/37.3921604,126.9238474",unknown,접근부 추정점과 영상의 실제 횡단 착지부가 정합하지 않음,완료
CW24-A,CW24,2025085028,A,37.3920183365017,126.92359267780495,37.39205273,126.9236588,asset_level_inherited_not_endpoint_verified,public_explicit_present,있음,있음,provisional_high,14.39,13.95,2.97,False,ai_precheck_complete_pending_human_review,,,,,,,,,,,,,,,,likely_accessible_candidate,0.82,,2025-11-17 11:58:26,"https://map.kakao.com/link/roadview/37.3920183,126.9235927",pass,경사로와 점자블록이 보이고 통행공간이 열려 있음,비대상
CW24-B,CW24,2025085028,B,37.392087123498314,126.92372492219503,37.39205273,126.9236588,asset_level_inherited_not_endpoint_verified,public_explicit_present,있음,있음,provisional_high,14.39,13.95,2.97,False,ai_precheck_complete_pending_human_review,,,,,,,,,,,,,,,,visibility_review_needed,0.52,,2025-11-17 11:58:26,"https://map.kakao.com/link/roadview/37.3920871,126.9237249",unknown,착지부가 카메라 직하부·화면 밖에 있어 핵심 시설을 확인할 수 없음,비대상
CW25-A,CW25,2025085030,A,37.3919801552276,126.9237435785561,37.39202055,126.9238204,asset_level_inherited_not_endpoint_verified,public_explicit_present,있음,있음,provisional_high,4.39,16.26,5.99,True,ai_precheck_complete_pending_human_review,,,,,,,,,,,,,,,,likely_accessible_candidate,0.82,,2025-11-17 11:58:25,"https://map.kakao.com/link/roadview/37.3919802,126.9237436",pass,경사로와 점자블록이 보이고 통행공간이 열려 있음,완료
CW25-B,CW25,2025085030,B,37.3920609447724,126.9238972214439,37.39202055,126.9238204,asset_level_inherited_not_endpoint_verified,public_explicit_present,있음,있음,provisional_high,4.39,16.26,5.99,True,ai_precheck_complete_pending_human_review,,,,,,,,,,,,,,,,likely_accessible_candidate,0.82,,2025-11-17 11:58:25,"https://map.kakao.com/link/roadview/37.3920609,126.9238972",pass,경사로와 점자블록이 보이고 통행공간이 열려 있음,완료
CW26-A,CW26,2025085031,A,37.39130366285457,126.9243625992532,37.39133025,126.9244155,asset_level_inherited_not_endpoint_verified,public_explicit_present,있음,있음,provisional_high,3.09,11.05,5.99,False,ai_precheck_complete_pending_human_review,,,,,,,,,,,,,,,,likely_accessible_candidate,0.82,,2025-11-17 11:57:37,"https://map.kakao.com/link/roadview/37.3913037,126.9243626",pass,경사로와 점자블록이 보이고 통행공간이 열려 있음,비대상
CW26-B,CW26,2025085031,B,37.39135683714544,126.92446840074679,37.39133025,126.9244155,asset_level_inherited_not_endpoint_verified,public_explicit_present,있음,있음,provisional_high,3.09,11.05,5.99,False,ai_precheck_complete_pending_human_review,,,,,,,,,,,,,,,,geometry_mismatch_candidate,0.58,,2025-11-17 11:57:37,"https://map.kakao.com/link/roadview/37.3913568,126.9244684",unknown,접근부 추정점과 영상의 실제 횡단 착지부가 정합하지 않음,비대상
CW27-A,CW27,2025085009,A,37.39045684884471,126.92505581204853,37.39049146,126.9251204,asset_level_inherited_not_endpoint_verified,public_explicit_present,있음,있음,provisional_high,2.77,13.75,5.96,True,ai_precheck_complete_pending_human_review,,,,,,,,,,,,,,,,likely_accessible_candidate,0.82,,2025-11-17 11:57:25,"https://map.kakao.com/link/roadview/37.3904568,126.9250558",pass,경사로와 점자블록이 보이고 통행공간이 열려 있음,완료
CW27-B,CW27,2025085009,B,37.390526071155286,126.92518498795148,37.39049146,126.9251204,asset_level_inherited_not_endpoint_verified,public_explicit_present,있음,있음,provisional_high,2.77,13.75,5.96,True,ai_precheck_complete_pending_human_review,,,,,,,,,,,,,,,,occlusion_review_needed,0.52,,2025-11-17 11:57:25,"https://map.kakao.com/link/roadview/37.3905261,126.9251850",unknown,차량·적치물 또는 공사물로 핵심 시설이 가려짐,완료
CW28-A,CW28,2025085010,A,37.39040313736469,126.92534644316888,37.3904547,126.9253042,asset_level_inherited_not_endpoint_verified,public_explicit_present,있음,있음,provisional_high,1.26,13.63,6.0,False,ai_precheck_complete_pending_human_review,,,,,,,,,,,,,,,,visibility_review_needed,0.52,,2025-11-17 13:29:46,"https://map.kakao.com/link/roadview/37.3904031,126.9253464",unknown,착지부가 카메라 직하부·화면 밖에 있어 핵심 시설을 확인할 수 없음,비대상
CW28-B,CW28,2025085010,B,37.390506262635306,126.92526195683112,37.3904547,126.9253042,asset_level_inherited_not_endpoint_verified,public_explicit_present,있음,있음,provisional_high,1.26,13.63,6.0,False,ai_precheck_complete_pending_human_review,,,,,,,,,,,,,,,,likely_accessible_candidate,0.82,,2025-11-17 11:57:25,"https://map.kakao.com/link/roadview/37.3905063,126.9252620",pass,경사로와 점자블록이 보이고 통행공간이 열려 있음,비대상
CW29-A,CW29,2025085011,A,37.39031011408944,126.92508866166824,37.39035668,126.9250655,asset_level_inherited_not_endpoint_verified,public_explicit_present,있음,있음,provisional_high,0.67,11.08,5.93,True,ai_precheck_complete_pending_human_review,,,,,,,,,,,,,,,,likely_accessible_candidate,0.82,,2025-11-17 13:29:43,"https://map.kakao.com/link/roadview/37.3903101,126.9250887",pass,경사로와 점자블록이 보이고 통행공간이 열려 있음,완료
CW29-B,CW29,2025085011,B,37.390403245910555,126.92504233833175,37.39035668,126.9250655,asset_level_inherited_not_endpoint_verified,public_explicit_present,있음,있음,provisional_high,0.67,11.08,5.93,True,ai_precheck_complete_pending_human_review,,,,,,,,,,,,,,,,likely_accessible_candidate,0.82,,2025-11-17 13:29:43,"https://map.kakao.com/link/roadview/37.3904032,126.9250423",pass,경사로와 점자블록이 보이고 통행공간이 열려 있음,완료
CW30-A,CW30,2025085027,A,37.39012616733453,126.92409457142617,37.39016544,126.9241116,asset_level_inherited_not_endpoint_verified,public_explicit_present,있음,있음,provisional_high,8.75,9.19,4.09,False,ai_precheck_complete_pending_human_review,,,,,,,,,,,,,,,,visibility_review_needed,0.52,,2025-11-17 13:29:32,"https://map.kakao.com/link/roadview/37.3901262,126.9240946",unknown,착지부가 카메라 직하부·화면 밖에 있어 핵심 시설을 확인할 수 없음,비대상
CW30-B,CW30,2025085027,B,37.390204712665465,126.92412862857385,37.39016544,126.9241116,asset_level_inherited_not_endpoint_verified,public_explicit_present,있음,있음,provisional_high,8.75,9.19,4.09,False,ai_precheck_complete_pending_human_review,,,,,,,,,,,,,,,,likely_accessible_candidate,0.82,,2025-11-17 13:29:32,"https://map.kakao.com/link/roadview/37.3902047,126.9241286",pass,경사로와 점자블록이 보이고 통행공간이 열려 있음,비대상
CW31-A,CW31,2025085012,A,37.39032369675492,126.92520600321222,37.39034431,126.9252755,asset_level_inherited_not_endpoint_verified,public_explicit_present,있음,있음,provisional_high,1.34,13.11,5.94,False,ai_precheck_complete_pending_human_review,,,,,,,,,,,,,,,,visibility_review_needed,0.52,,2025-11-17 11:57:23,"https://map.kakao.com/link/roadview/37.3903237,126.9252060",unknown,착지부가 카메라 직하부·화면 밖에 있어 핵심 시설을 확인할 수 없음,비대상
CW31-B,CW31,2025085012,B,37.39036492324509,126.92534499678776,37.39034431,126.9252755,asset_level_inherited_not_endpoint_verified,public_explicit_present,있음,있음,provisional_high,1.34,13.11,5.94,False,ai_precheck_complete_pending_human_review,,,,,,,,,,,,,,,,likely_accessible_candidate,0.82,,2025-11-17 13:29:46,"https://map.kakao.com/link/roadview/37.3903649,126.9253450",pass,경사로와 점자블록이 보이고 통행공간이 열려 있음,비대상
CW32-A,CW32,2025085025,A,37.390048790568265,126.9242948447004,37.39008527,126.9242767,asset_level_inherited_not_endpoint_verified,public_explicit_present,있음,있음,provisional_high,1.42,8.68,5.87,True,ai_precheck_complete_pending_human_review,,,,,,,,,,,,,,,,visibility_review_needed,0.52,,2025-11-17 13:29:35,"https://map.kakao.com/link/roadview/37.3900488,126.9242948",unknown,착지부가 카메라 직하부·화면 밖에 있어 핵심 시설을 확인할 수 없음,완료
CW32-B,CW32,2025085025,B,37.39012174943174,126.92425855529957,37.39008527,126.9242767,asset_level_inherited_not_endpoint_verified,public_explicit_present,있음,있음,provisional_high,1.42,8.68,5.87,True,ai_precheck_complete_pending_human_review,,,,,,,,,,,,,,,,likely_accessible_candidate,0.82,,2025-11-17 13:29:34,"https://map.kakao.com/link/roadview/37.3901217,126.9242586",pass,경사로와 점자블록이 보이고 통행공간이 열려 있음,완료
CW33-A,CW33,2025085001,A,37.389982227292826,126.9254940088399,37.389999,126.9254801,asset_level_inherited_not_endpoint_verified,public_explicit_risk,있음,없음,provisional_high,0.67,4.45,1.97,True,ai_precheck_complete_pending_human_review,,,,,,,,,,,,,,,,geometry_mismatch_candidate,0.58,,2025-11-17 15:39:09,"https://map.kakao.com/link/roadview/37.3899822,126.9254940",unknown,접근부 추정점과 영상의 실제 횡단 착지부가 정합하지 않음,완료
CW33-B,CW33,2025085001,B,37.39001577270718,126.9254661911601,37.389999,126.9254801,asset_level_inherited_not_endpoint_verified,public_explicit_risk,있음,없음,provisional_high,0.67,4.45,1.97,True,ai_precheck_complete_pending_human_review,,,,,,,,,,,,,,,,geometry_mismatch_candidate,0.58,,2025-11-17 15:39:09,"https://map.kakao.com/link/roadview/37.3900158,126.9254662",unknown,접근부 추정점과 영상의 실제 횡단 착지부가 정합하지 않음,완료
CW34-A,CW34,2025085002,A,37.389622186729625,126.92548561896953,37.38963959,126.92555,asset_level_inherited_not_endpoint_verified,public_explicit_present,있음,있음,provisional_high,1.29,12.02,6.05,True,ai_precheck_complete_pending_human_review,,,,,,,,,,,,,,,,likely_accessible_candidate,0.82,,2025-11-17 13:10:05,"https://map.kakao.com/link/roadview/37.3896222,126.9254856",pass,경사로와 점자블록이 보이고 통행공간이 열려 있음,완료
CW34-B,CW34,2025085002,B,37.38965699327038,126.92561438103047,37.38963959,126.92555,asset_level_inherited_not_endpoint_verified,public_explicit_present,있음,있음,provisional_high,1.29,12.02,6.05,True,ai_precheck_complete_pending_human_review,,,,,,,,,,,,,,,,visibility_review_needed,0.52,,2025-11-17 11:57:08,"https://map.kakao.com/link/roadview/37.3896570,126.9256144",unknown,AI 반복판독 불일치(unknown↔pass); 사람 조정 필요,완료
CW35-A,CW35,2025085003,A,37.38956545502662,126.92568254442703,37.38960031,126.9256616,asset_level_inherited_not_endpoint_verified,public_explicit_present,있음,있음,provisional_high,1.14,8.55,2.0,False,ai_precheck_complete_pending_human_review,,,,,,,,,,,,,,,,likely_accessible_candidate,0.82,,2025-11-17 11:57:07,"https://map.kakao.com/link/roadview/37.3895655,126.9256825",pass,경사로와 점자블록이 보이고 통행공간이 열려 있음,비대상
CW35-B,CW35,2025085003,B,37.38963516497338,126.92564065557295,37.38960031,126.9256616,asset_level_inherited_not_endpoint_verified,public_explicit_present,있음,있음,provisional_high,1.14,8.55,2.0,False,ai_precheck_complete_pending_human_review,,,,,,,,,,,,,,,,geometry_mismatch_candidate,0.58,,2025-11-17 11:57:08,"https://map.kakao.com/link/roadview/37.3896352,126.9256407",unknown,접근부 추정점과 영상의 실제 횡단 착지부가 정합하지 않음,비대상
CW36-A,CW36,2025085005,A,37.389460889905884,126.92553763921738,37.38949465,126.9254971,asset_level_inherited_not_endpoint_verified,public_explicit_present,있음,있음,provisional_high,0.6,10.35,5.99,True,ai_precheck_complete_pending_human_review,,,,,,,,,,,,,,,,visibility_review_needed,0.52,,2025-11-17 13:10:05,"https://map.kakao.com/link/roadview/37.3894609,126.9255376",unknown,AI 반복판독 불일치(pass↔unknown); 사람 조정 필요,완료
CW36-B,CW36,2025085005,B,37.389528410094115,126.92545656078262,37.38949465,126.9254971,asset_level_inherited_not_endpoint_verified,public_explicit_present,있음,있음,provisional_high,0.6,10.35,5.99,True,ai_precheck_complete_pending_human_review,,,,,,,,,,,,,,,,geometry_mismatch_candidate,0.58,,2025-11-17 13:10:05,"https://map.kakao.com/link/roadview/37.3895284,126.9254566",unknown,접근부 추정점과 영상의 실제 횡단 착지부가 정합하지 않음,완료
CW37-A,CW37,2025085004,A,37.38942767602712,126.92561176972762,37.38944098,126.925658,asset_level_inherited_not_endpoint_verified,public_explicit_present,있음,있음,provisional_high,0.45,8.69,4.98,False,ai_precheck_complete_pending_human_review,,,,,,,,,,,,,,,,occlusion_review_needed,0.52,,2025-11-17 11:57:06,"https://map.kakao.com/link/roadview/37.3894277,126.9256118",unknown,차량·적치물 또는 공사물로 핵심 시설이 가려짐,비대상
CW37-B,CW37,2025085004,B,37.38945428397289,126.92570423027236,37.38944098,126.925658,asset_level_inherited_not_endpoint_verified,public_explicit_present,있음,있음,provisional_high,0.45,8.69,4.98,False,ai_precheck_complete_pending_human_review,,,,,,,,,,,,,,,,visibility_review_needed,0.52,,2025-11-17 11:57:06,"https://map.kakao.com/link/roadview/37.3894543,126.9257042",unknown,착지부가 카메라 직하부·화면 밖에 있어 핵심 시설을 확인할 수 없음,비대상
CW38-A,CW38,2025085007,A,37.389248330727646,126.92520180052233,37.38927498,126.9251698,asset_level_inherited_not_endpoint_verified,public_explicit_present,있음,있음,provisional_high,3.15,8.17,4.01,True,ai_precheck_complete_pending_human_review,,,,,,,,,,,,,,,,likely_accessible_candidate,0.82,,2025-11-17 13:10:10,"https://map.kakao.com/link/roadview/37.3892483,126.9252018",pass,경사로와 점자블록이 보이고 통행공간이 열려 있음,완료
CW38-B,CW38,2025085007,B,37.38930162927237,126.9251377994777,37.38927498,126.9251698,asset_level_inherited_not_endpoint_verified,public_explicit_present,있음,있음,provisional_high,3.15,8.17,4.01,True,ai_precheck_complete_pending_human_review,,,,,,,,,,,,,,,,likely_accessible_candidate,0.82,,2025-11-17 13:10:10,"https://map.kakao.com/link/roadview/37.3893016,126.9251378",pass,경사로와 점자블록이 보이고 통행공간이 열려 있음,완료
CW39-A,CW39,2025085006,A,37.38924455741109,126.92509509723544,37.38927212,126.925062,asset_level_inherited_not_endpoint_verified,public_explicit_present,있음,있음,provisional_high,9.52,8.45,2.98,False,ai_precheck_complete_pending_human_review,,,,,,,,,,,,,,,,geometry_mismatch_candidate,0.58,,2025-11-17 13:10:11,"https://map.kakao.com/link/roadview/37.3892446,126.9250951",unknown,접근부 추정점과 영상의 실제 횡단 착지부가 정합하지 않음,비대상
CW39-B,CW39,2025085006,B,37.38929968258892,126.92502890276454,37.38927212,126.925062,asset_level_inherited_not_endpoint_verified,public_explicit_present,있음,있음,provisional_high,9.52,8.45,2.98,False,ai_precheck_complete_pending_human_review,,,,,,,,,,,,,,,,geometry_mismatch_candidate,0.58,,2025-11-17 13:10:11,"https://map.kakao.com/link/roadview/37.3892997,126.9250289",unknown,접근부 추정점과 영상의 실제 횡단 착지부가 정합하지 않음,비대상
CW40-A,CW40,2025085008,A,37.38914772596454,126.92506392218567,37.38917431,126.925032,asset_level_inherited_not_endpoint_verified,public_explicit_present,있음,있음,provisional_high,3.56,8.15,4.0,False,ai_precheck_complete_pending_human_review,,,,,,,,,,,,,,,,likely_accessible_candidate,0.82,,2025-11-17 13:10:12,"https://map.kakao.com/link/roadview/37.3891477,126.9250639",pass,착지부 가장자리에서 점자블록과 낮춤부가 보임,비대상
CW40-B,CW40,2025085008,B,37.38920089403547,126.92500007781435,37.38917431,126.925032,asset_level_inherited_not_endpoint_verified,public_explicit_present,있음,있음,provisional_high,3.56,8.15,4.0,False,ai_precheck_complete_pending_human_review,,,,,,,,,,,,,,,,geometry_mismatch_candidate,0.58,,2025-11-17 13:10:12,"https://map.kakao.com/link/roadview/37.3892009,126.9250001",unknown,접근부 추정점과 영상의 실제 횡단 착지부가 정합하지 않음,비대상
