approach_id,sample_id,side_label,target_lat,target_lon,panoid,pano_lat,pano_lon,pano_distance_m,target_bearing_deg,pano_angle_deg,face,face_delta_deg,shot_date,roadview_link,resolved_url,node_url,status,target_image_path
CW01-A,CW01,A,37.40240149538004,126.92264614190194,1202971200,37.4024623687698,126.922765149926,12.5,237.2,327.8,right,-0.6,2025-11-17 14:28:24,"https://map.kakao.com/link/roadview/37.4024015,126.9226461",https://map.kakao.com/?panoid=1202971200&pan=327.8&zoom=0&map_type=TYPE_MAP&map_attribute=ROADVIEW&urlX=482904.0&urlY=1084204.0,https://rv.map.kakao.com/roadview-search/v2/node/1202971200?SERVICE=csspano,downloaded,/workspace/scratch/0ad8d7d5b1e3/onway_corridor_mvp/roadview_evidence/approaches/CW01-A/target.jpg
CW01-B,CW01,B,37.40244836461997,126.92273045809807,1202971200,37.4024623687698,126.922765149926,3.44,243.1,327.8,right,5.3,2025-11-17 14:28:24,"https://map.kakao.com/link/roadview/37.4024484,126.9227305",https://map.kakao.com/?panoid=1202971200&pan=327.8&zoom=0&map_type=TYPE_MAP&map_attribute=ROADVIEW&urlX=482904.0&urlY=1084204.0,https://rv.map.kakao.com/roadview-search/v2/node/1202971200?SERVICE=csspano,downloaded,/workspace/scratch/0ad8d7d5b1e3/onway_corridor_mvp/roadview_evidence/approaches/CW01-B/target.jpg
CW02-A,CW02,A,37.402241089845866,126.9216533145511,1203476225,37.4021803934224,126.921464342594,18.01,68.0,326.4,left,11.6,2025-12-01 13:09:30,"https://map.kakao.com/link/roadview/37.4022411,126.9216533",https://map.kakao.com/?panoid=1203476225&pan=326.4&zoom=0&map_type=TYPE_MAP&map_attribute=ROADVIEW&urlX=482616.0&urlY=1084126.0,https://rv.map.kakao.com/roadview-search/v2/node/1203476225?SERVICE=csspano,downloaded,/workspace/scratch/0ad8d7d5b1e3/onway_corridor_mvp/roadview_evidence/approaches/CW02-A/target.jpg
CW02-B,CW02,B,37.40226767015414,126.92157948544892,1203476225,37.4021803934224,126.921464342594,14.06,46.3,326.4,left,-10.1,2025-12-01 13:09:30,"https://map.kakao.com/link/roadview/37.4022677,126.9215795",https://map.kakao.com/?panoid=1203476225&pan=326.4&zoom=0&map_type=TYPE_MAP&map_attribute=ROADVIEW&urlX=482616.0&urlY=1084126.0,https://rv.map.kakao.com/roadview-search/v2/node/1203476225?SERVICE=csspano,downloaded,/workspace/scratch/0ad8d7d5b1e3/onway_corridor_mvp/roadview_evidence/approaches/CW02-B/target.jpg
CW03-A,CW03,A,37.40300229204492,126.92225900640435,1202971207,37.4029954975179,126.922344452367,7.59,275.7,327.3,right,38.4,2025-11-17 14:28:34,"https://map.kakao.com/link/roadview/37.4030023,126.9222590",https://map.kakao.com/?panoid=1202971207&pan=327.3&zoom=0&map_type=TYPE_MAP&map_attribute=ROADVIEW&urlX=482811.0&urlY=1084352.0,https://rv.map.kakao.com/roadview-search/v2/node/1202971207?SERVICE=csspano,downloaded,/workspace/scratch/0ad8d7d5b1e3/onway_corridor_mvp/roadview_evidence/approaches/CW03-A/target.jpg
CW03-B,CW03,B,37.40303852795509,126.92232419359563,1202971207,37.4029954975179,126.922344452367,5.11,339.5,327.3,front,12.2,2025-11-17 14:28:34,"https://map.kakao.com/link/roadview/37.4030385,126.9223242",https://map.kakao.com/?panoid=1202971207&pan=327.3&zoom=0&map_type=TYPE_MAP&map_attribute=ROADVIEW&urlX=482811.0&urlY=1084352.0,https://rv.map.kakao.com/roadview-search/v2/node/1202971207?SERVICE=csspano,downloaded,/workspace/scratch/0ad8d7d5b1e3/onway_corridor_mvp/roadview_evidence/approaches/CW03-B/target.jpg
CW04-A,CW04,A,37.402219732308936,126.92134421014717,1203476229,37.4022560370947,126.921401015828,6.44,231.2,326.3,right,-5.1,2025-12-01 13:09:31,"https://map.kakao.com/link/roadview/37.4022197,126.9213442",https://map.kakao.com/?panoid=1203476229&pan=326.3&zoom=0&map_type=TYPE_MAP&map_attribute=ROADVIEW&urlX=482602.0&urlY=1084147.0,https://rv.map.kakao.com/roadview-search/v2/node/1203476229?SERVICE=csspano,downloaded,/workspace/scratch/0ad8d7d5b1e3/onway_corridor_mvp/roadview_evidence/approaches/CW04-A/target.jpg
CW04-B,CW04,B,37.402296707691065,126.92148278985283,1203476229,37.4022560370947,126.921401015828,8.52,58.0,326.3,left,1.7,2025-12-01 13:09:31,"https://map.kakao.com/link/roadview/37.4022967,126.9214828",https://map.kakao.com/?panoid=1203476229&pan=326.3&zoom=0&map_type=TYPE_MAP&map_attribute=ROADVIEW&urlX=482602.0&urlY=1084147.0,https://rv.map.kakao.com/roadview-search/v2/node/1203476229?SERVICE=csspano,downloaded,/workspace/scratch/0ad8d7d5b1e3/onway_corridor_mvp/roadview_evidence/approaches/CW04-B/target.jpg
CW05-A,CW05,A,37.40215763504363,126.92291684588432,1202971196,37.4021597821288,126.923004898361,7.78,268.2,327.5,right,30.7,2025-11-17 14:28:18,"https://map.kakao.com/link/roadview/37.4021576,126.9229168",https://map.kakao.com/?panoid=1202971196&pan=327.5&zoom=0&map_type=TYPE_MAP&map_attribute=ROADVIEW&urlX=482957.0&urlY=1084120.0,https://rv.map.kakao.com/roadview-search/v2/node/1202971196?SERVICE=csspano,downloaded,/workspace/scratch/0ad8d7d5b1e3/onway_corridor_mvp/roadview_evidence/approaches/CW05-A/target.jpg
CW05-B,CW05,B,37.40219794495638,126.92299535411566,1202971196,37.4021597821288,126.923004898361,4.33,348.8,327.5,front,21.3,2025-11-17 14:28:18,"https://map.kakao.com/link/roadview/37.4021979,126.9229954",https://map.kakao.com/?panoid=1202971196&pan=327.5&zoom=0&map_type=TYPE_MAP&map_attribute=ROADVIEW&urlX=482957.0&urlY=1084120.0,https://rv.map.kakao.com/roadview-search/v2/node/1202971196?SERVICE=csspano,downloaded,/workspace/scratch/0ad8d7d5b1e3/onway_corridor_mvp/roadview_evidence/approaches/CW05-B/target.jpg
CW06-A,CW06,A,37.4017671465952,126.92166571676718,1203482543,37.4017443775739,126.921582257068,7.79,71.0,57.9,front,13.1,2025-12-01 14:54:27,"https://map.kakao.com/link/roadview/37.4017671,126.9216657",https://map.kakao.com/?panoid=1203482543&pan=57.9&zoom=0&map_type=TYPE_MAP&map_attribute=ROADVIEW&urlX=482642.0&urlY=1084005.0,https://rv.map.kakao.com/roadview-search/v2/node/1203482543?SERVICE=csspano,downloaded,/workspace/scratch/0ad8d7d5b1e3/onway_corridor_mvp/roadview_evidence/approaches/CW06-A/target.jpg
CW06-B,CW06,B,37.401844893404814,126.92158628323284,1203482543,37.4017443775739,126.921582257068,11.18,1.8,57.9,right,33.9,2025-12-01 14:54:27,"https://map.kakao.com/link/roadview/37.4018449,126.9215863",https://map.kakao.com/?panoid=1203482543&pan=57.9&zoom=0&map_type=TYPE_MAP&map_attribute=ROADVIEW&urlX=482642.0&urlY=1084005.0,https://rv.map.kakao.com/roadview-search/v2/node/1203482543?SERVICE=csspano,downloaded,/workspace/scratch/0ad8d7d5b1e3/onway_corridor_mvp/roadview_evidence/approaches/CW06-B/target.jpg
CW07-A,CW07,A,37.40172334566271,126.92173024130342,1203476201,37.4017337388158,126.921844293025,10.14,263.5,325.8,right,27.7,2025-12-01 13:09:25,"https://map.kakao.com/link/roadview/37.4017233,126.9217302",https://map.kakao.com/?panoid=1203476201&pan=325.8&zoom=0&map_type=TYPE_MAP&map_attribute=ROADVIEW&urlX=482700.0&urlY=1084002.0,https://rv.map.kakao.com/roadview-search/v2/node/1203476201?SERVICE=csspano,downloaded,/workspace/scratch/0ad8d7d5b1e3/onway_corridor_mvp/roadview_evidence/approaches/CW07-A/target.jpg
CW07-B,CW07,B,37.4017507743373,126.9217985586966,1203476201,37.4017337388158,126.921844293025,4.46,295.1,325.8,front,-30.7,2025-12-01 13:09:25,"https://map.kakao.com/link/roadview/37.4017508,126.9217986",https://map.kakao.com/?panoid=1203476201&pan=325.8&zoom=0&map_type=TYPE_MAP&map_attribute=ROADVIEW&urlX=482700.0&urlY=1084002.0,https://rv.map.kakao.com/roadview-search/v2/node/1203476201?SERVICE=csspano,downloaded,/workspace/scratch/0ad8d7d5b1e3/onway_corridor_mvp/roadview_evidence/approaches/CW07-B/target.jpg
CW08-A,CW08,A,37.40151630806864,126.92345020395895,1202971188,37.4015546161051,126.923497942413,5.99,224.7,326.1,right,-11.4,2025-11-17 14:28:06,"https://map.kakao.com/link/roadview/37.4015163,126.9234502",https://map.kakao.com/?panoid=1202971188&pan=326.1&zoom=0&map_type=TYPE_MAP&map_attribute=ROADVIEW&urlX=483066.0&urlY=1083952.0,https://rv.map.kakao.com/roadview-search/v2/node/1202971188?SERVICE=csspano,downloaded,/workspace/scratch/0ad8d7d5b1e3/onway_corridor_mvp/roadview_evidence/approaches/CW08-A/target.jpg
CW08-B,CW08,B,37.401551731931356,126.92351919604104,1202971188,37.4015546161051,126.923497942413,1.9,99.7,326.1,left,43.6,2025-11-17 14:28:06,"https://map.kakao.com/link/roadview/37.4015517,126.9235192",https://map.kakao.com/?panoid=1202971188&pan=326.1&zoom=0&map_type=TYPE_MAP&map_attribute=ROADVIEW&urlX=483066.0&urlY=1083952.0,https://rv.map.kakao.com/roadview-search/v2/node/1202971188?SERVICE=csspano,downloaded,/workspace/scratch/0ad8d7d5b1e3/onway_corridor_mvp/roadview_evidence/approaches/CW08-B/target.jpg
CW09-A,CW09,A,37.4012455863223,126.92224733040224,1202871501,37.4011970046776,126.922260473142,5.53,347.9,287.0,left,-29.1,2025-11-18 11:48:15,"https://map.kakao.com/link/roadview/37.4012456,126.9222473",https://map.kakao.com/?panoid=1202871501&pan=287.0&zoom=0&map_type=TYPE_MAP&map_attribute=ROADVIEW&urlX=482792.0&urlY=1083853.0,https://rv.map.kakao.com/roadview-search/v2/node/1202871501?SERVICE=csspano,downloaded,/workspace/scratch/0ad8d7d5b1e3/onway_corridor_mvp/roadview_evidence/approaches/CW09-A/target.jpg
CW09-B,CW09,B,37.40129217367772,126.92232506959778,1203476172,37.401233087059,126.922323682831,6.57,1.1,320.5,front,40.6,2025-12-01 13:09:18,"https://map.kakao.com/link/roadview/37.4012922,126.9223251",https://map.kakao.com/?panoid=1203476172&pan=320.5&zoom=0&map_type=TYPE_MAP&map_attribute=ROADVIEW&urlX=482806.0&urlY=1083863.0,https://rv.map.kakao.com/roadview-search/v2/node/1203476172?SERVICE=csspano,downloaded,/workspace/scratch/0ad8d7d5b1e3/onway_corridor_mvp/roadview_evidence/approaches/CW09-B/target.jpg
CW10-A,CW10,A,37.40122776316556,126.92368033197005,1202971184,37.4012484238436,126.923737688659,5.56,245.6,327.6,right,8.0,2025-11-17 14:28:00,"https://map.kakao.com/link/roadview/37.4012278,126.9236803",https://map.kakao.com/?panoid=1202971184&pan=327.6&zoom=0&map_type=TYPE_MAP&map_attribute=ROADVIEW&urlX=483119.0&urlY=1083867.0,https://rv.map.kakao.com/roadview-search/v2/node/1202971184?SERVICE=csspano,downloaded,/workspace/scratch/0ad8d7d5b1e3/onway_corridor_mvp/roadview_evidence/approaches/CW10-A/target.jpg
CW10-B,CW10,B,37.40127715683444,126.92376726802996,1202971184,37.4012484238436,126.923737688659,4.13,39.3,327.6,left,-18.3,2025-11-17 14:28:00,"https://map.kakao.com/link/roadview/37.4012772,126.9237673",https://map.kakao.com/?panoid=1202971184&pan=327.6&zoom=0&map_type=TYPE_MAP&map_attribute=ROADVIEW&urlX=483119.0&urlY=1083867.0,https://rv.map.kakao.com/roadview-search/v2/node/1202971184?SERVICE=csspano,downloaded,/workspace/scratch/0ad8d7d5b1e3/onway_corridor_mvp/roadview_evidence/approaches/CW10-B/target.jpg
CW11-A,CW11,A,37.401019360005925,126.92269349040264,1202874755,37.4009665331887,126.922549839166,13.98,65.2,320.5,left,14.7,2025-11-18 14:46:16,"https://map.kakao.com/link/roadview/37.4010194,126.9226935",https://map.kakao.com/?panoid=1202874755&pan=320.5&zoom=0&map_type=TYPE_MAP&map_attribute=ROADVIEW&urlX=482856.0&urlY=1083789.0,https://rv.map.kakao.com/roadview-search/v2/node/1202874755?SERVICE=csspano,downloaded,/workspace/scratch/0ad8d7d5b1e3/onway_corridor_mvp/roadview_evidence/approaches/CW11-A/target.jpg
CW11-B,CW11,B,37.40104407999407,126.92273490959737,1202874755,37.4009665331887,126.922549839166,18.48,62.2,320.5,left,11.7,2025-11-18 14:46:16,"https://map.kakao.com/link/roadview/37.4010441,126.9227349",https://map.kakao.com/?panoid=1202874755&pan=320.5&zoom=0&map_type=TYPE_MAP&map_attribute=ROADVIEW&urlX=482856.0&urlY=1083789.0,https://rv.map.kakao.com/roadview-search/v2/node/1202874755?SERVICE=csspano,downloaded,/workspace/scratch/0ad8d7d5b1e3/onway_corridor_mvp/roadview_evidence/approaches/CW11-B/target.jpg
CW12-A,CW12,A,37.40099326142671,126.92264523773848,1202874755,37.4009665331887,126.922549839166,8.94,70.6,320.5,left,20.1,2025-11-18 14:46:16,"https://map.kakao.com/link/roadview/37.4009933,126.9226452",https://map.kakao.com/?panoid=1202874755&pan=320.5&zoom=0&map_type=TYPE_MAP&map_attribute=ROADVIEW&urlX=482856.0&urlY=1083789.0,https://rv.map.kakao.com/roadview-search/v2/node/1202874755?SERVICE=csspano,downloaded,/workspace/scratch/0ad8d7d5b1e3/onway_corridor_mvp/roadview_evidence/approaches/CW12-A/target.jpg
CW12-B,CW12,B,37.401011598573284,126.92267596226152,1202874755,37.4009665331887,126.922549839166,12.22,65.8,320.5,left,15.3,2025-11-18 14:46:16,"https://map.kakao.com/link/roadview/37.4010116,126.9226760",https://map.kakao.com/?panoid=1202874755&pan=320.5&zoom=0&map_type=TYPE_MAP&map_attribute=ROADVIEW&urlX=482856.0&urlY=1083789.0,https://rv.map.kakao.com/roadview-search/v2/node/1202874755?SERVICE=csspano,downloaded,/workspace/scratch/0ad8d7d5b1e3/onway_corridor_mvp/roadview_evidence/approaches/CW12-B/target.jpg
CW13-A,CW13,A,37.40083738053178,126.92194039159135,1202874946,37.4008760599079,126.921985229939,5.85,222.6,70.6,back,-28.0,2025-11-18 15:01:57,"https://map.kakao.com/link/roadview/37.4008374,126.9219404",https://map.kakao.com/?panoid=1202874946&pan=70.6&zoom=0&map_type=TYPE_MAP&map_attribute=ROADVIEW&urlX=482731.0&urlY=1083764.0,https://rv.map.kakao.com/roadview-search/v2/node/1202874946?SERVICE=csspano,downloaded,/workspace/scratch/0ad8d7d5b1e3/onway_corridor_mvp/roadview_evidence/approaches/CW13-A/target.jpg
CW13-B,CW13,B,37.40089461946822,126.92181340840867,1202871529,37.4008651551786,126.921845195084,4.31,319.4,231.4,left,-2.0,2025-11-18 11:52:27,"https://map.kakao.com/link/roadview/37.4008946,126.9218134",https://map.kakao.com/?panoid=1202871529&pan=231.4&zoom=0&map_type=TYPE_MAP&map_attribute=ROADVIEW&urlX=482700.0&urlY=1083761.0,https://rv.map.kakao.com/roadview-search/v2/node/1202871529?SERVICE=csspano,downloaded,/workspace/scratch/0ad8d7d5b1e3/onway_corridor_mvp/roadview_evidence/approaches/CW13-B/target.jpg
CW14-A,CW14,A,37.39951423562795,126.92380849157105,1202874714,37.3995438151831,126.923929152638,11.15,252.9,322.6,right,20.3,2025-11-18 14:45:30,"https://map.kakao.com/link/roadview/37.3995142,126.9238085",https://map.kakao.com/?panoid=1202874714&pan=322.6&zoom=0&map_type=TYPE_MAP&map_attribute=ROADVIEW&urlX=483161.0&urlY=1083394.0,https://rv.map.kakao.com/roadview-search/v2/node/1202874714?SERVICE=csspano,downloaded,/workspace/scratch/0ad8d7d5b1e3/onway_corridor_mvp/roadview_evidence/approaches/CW14-A/target.jpg
CW14-B,CW14,B,37.399604184372045,126.92395310842896,1202874714,37.3995438151831,126.923929152638,7.04,17.5,322.6,left,-35.1,2025-11-18 14:45:30,"https://map.kakao.com/link/roadview/37.3996042,126.9239531",https://map.kakao.com/?panoid=1202874714&pan=322.6&zoom=0&map_type=TYPE_MAP&map_attribute=ROADVIEW&urlX=483161.0&urlY=1083394.0,https://rv.map.kakao.com/roadview-search/v2/node/1202874714?SERVICE=csspano,downloaded,/workspace/scratch/0ad8d7d5b1e3/onway_corridor_mvp/roadview_evidence/approaches/CW14-B/target.jpg
CW15-A,CW15,A,37.398330514879135,126.92430267046433,1202871493,37.3983546939201,126.924282716998,3.21,146.8,42.8,left,14.0,2025-11-18 11:45:38,"https://map.kakao.com/link/roadview/37.3983305,126.9243027",https://map.kakao.com/?panoid=1202871493&pan=42.8&zoom=0&map_type=TYPE_MAP&map_attribute=ROADVIEW&urlX=483239.0&urlY=1083064.0,https://rv.map.kakao.com/roadview-search/v2/node/1202871493?SERVICE=csspano,downloaded,/workspace/scratch/0ad8d7d5b1e3/onway_corridor_mvp/roadview_evidence/approaches/CW15-A/target.jpg
CW15-B,CW15,B,37.39843440512087,126.92420312953567,1202871514,37.3984339635029,126.924251014945,4.23,270.7,237.3,front,33.4,2025-11-18 11:49:28,"https://map.kakao.com/link/roadview/37.3984344,126.9242031",https://map.kakao.com/?panoid=1202871514&pan=237.3&zoom=0&map_type=TYPE_MAP&map_attribute=ROADVIEW&urlX=483232.0&urlY=1083086.0,https://rv.map.kakao.com/roadview-search/v2/node/1202871514?SERVICE=csspano,downloaded,/workspace/scratch/0ad8d7d5b1e3/onway_corridor_mvp/roadview_evidence/approaches/CW15-B/target.jpg
CW16-A,CW16,A,37.39751862266188,126.92279839429749,1202873960,37.3975860453637,126.922770154151,7.9,161.6,57.2,left,14.4,2025-11-18 14:18:05,"https://map.kakao.com/link/roadview/37.3975186,126.9227984",https://map.kakao.com/?panoid=1202873960&pan=57.2&zoom=0&map_type=TYPE_MAP&map_attribute=ROADVIEW&urlX=482904.0&urlY=1082851.0,https://rv.map.kakao.com/roadview-search/v2/node/1202873960?SERVICE=csspano,downloaded,/workspace/scratch/0ad8d7d5b1e3/onway_corridor_mvp/roadview_evidence/approaches/CW16-A/target.jpg
CW16-B,CW16,B,37.397654297338114,126.92268200570251,1202873960,37.3975860453637,126.922770154151,10.87,314.3,57.2,right,-12.9,2025-11-18 14:18:05,"https://map.kakao.com/link/roadview/37.3976543,126.9226820",https://map.kakao.com/?panoid=1202873960&pan=57.2&zoom=0&map_type=TYPE_MAP&map_attribute=ROADVIEW&urlX=482904.0&urlY=1082851.0,https://rv.map.kakao.com/roadview-search/v2/node/1202873960?SERVICE=csspano,downloaded,/workspace/scratch/0ad8d7d5b1e3/onway_corridor_mvp/roadview_evidence/approaches/CW16-B/target.jpg
CW17-A,CW17,A,37.39667273168306,126.92338647331106,1202875183,37.3967142361751,126.92335378929,5.44,148.0,34.5,left,23.5,2025-11-18 15:24:23,"https://map.kakao.com/link/roadview/37.3966727,126.9233865",https://map.kakao.com/?panoid=1202875183&pan=34.5&zoom=0&map_type=TYPE_MAP&map_attribute=ROADVIEW&urlX=483033.0&urlY=1082609.0,https://rv.map.kakao.com/roadview-search/v2/node/1202875183?SERVICE=csspano,downloaded,/workspace/scratch/0ad8d7d5b1e3/onway_corridor_mvp/roadview_evidence/approaches/CW17-A/target.jpg
CW17-B,CW17,B,37.396727708316945,126.92333932668895,1202875183,37.3967142361751,126.92335378929,1.97,319.5,34.5,right,15.0,2025-11-18 15:24:23,"https://map.kakao.com/link/roadview/37.3967277,126.9233393",https://map.kakao.com/?panoid=1202875183&pan=34.5&zoom=0&map_type=TYPE_MAP&map_attribute=ROADVIEW&urlX=483033.0&urlY=1082609.0,https://rv.map.kakao.com/roadview-search/v2/node/1202875183?SERVICE=csspano,downloaded,/workspace/scratch/0ad8d7d5b1e3/onway_corridor_mvp/roadview_evidence/approaches/CW17-B/target.jpg
CW18-A,CW18,A,37.39581829178769,126.9241050997271,1203480723,37.3957956260351,126.924023287149,7.65,70.8,326.1,left,14.7,2025-12-01 14:08:47,"https://map.kakao.com/link/roadview/37.3958183,126.9241051",https://map.kakao.com/?panoid=1203480723&pan=326.1&zoom=0&map_type=TYPE_MAP&map_attribute=ROADVIEW&urlX=483181.0&urlY=1082354.0,https://rv.map.kakao.com/roadview-search/v2/node/1203480723?SERVICE=csspano,downloaded,/workspace/scratch/0ad8d7d5b1e3/onway_corridor_mvp/roadview_evidence/approaches/CW18-A/target.jpg
CW18-B,CW18,B,37.39588836821232,126.92404650027288,1203480726,37.3958676670836,126.923959971978,7.98,73.2,323.5,left,19.7,2025-12-01 14:09:05,"https://map.kakao.com/link/roadview/37.3958884,126.9240465",https://map.kakao.com/?panoid=1203480726&pan=323.5&zoom=0&map_type=TYPE_MAP&map_attribute=ROADVIEW&urlX=483167.0&urlY=1082374.0,https://rv.map.kakao.com/roadview-search/v2/node/1203480726?SERVICE=csspano,downloaded,/workspace/scratch/0ad8d7d5b1e3/onway_corridor_mvp/roadview_evidence/approaches/CW18-B/target.jpg
CW19-A,CW19,A,37.39561913411808,126.9239184646548,1203478741,37.39564421962,126.92396923232,5.28,238.1,147.6,left,0.5,2025-12-01 13:50:22,"https://map.kakao.com/link/roadview/37.3956191,126.9239185",https://map.kakao.com/?panoid=1203478741&pan=147.6&zoom=0&map_type=TYPE_MAP&map_attribute=ROADVIEW&urlX=483169.0&urlY=1082312.0,https://rv.map.kakao.com/roadview-search/v2/node/1203478741?SERVICE=csspano,downloaded,/workspace/scratch/0ad8d7d5b1e3/onway_corridor_mvp/roadview_evidence/approaches/CW19-A/target.jpg
CW19-B,CW19,B,37.39573534588192,126.92413853534521,1203480720,37.3957199808667,126.924086605834,4.9,69.6,326.7,left,12.9,2025-12-01 14:08:44,"https://map.kakao.com/link/roadview/37.3957353,126.9241385",https://map.kakao.com/?panoid=1203480720&pan=326.7&zoom=0&map_type=TYPE_MAP&map_attribute=ROADVIEW&urlX=483195.0&urlY=1082333.0,https://rv.map.kakao.com/roadview-search/v2/node/1203480720?SERVICE=csspano,downloaded,/workspace/scratch/0ad8d7d5b1e3/onway_corridor_mvp/roadview_evidence/approaches/CW19-B/target.jpg
CW20-A,CW20,A,37.39434797316774,126.92501464784056,1203478791,37.3943618429474,126.92503207614,2.18,225.0,146.9,left,-11.9,2025-12-01 13:50:35,"https://map.kakao.com/link/roadview/37.3943480,126.9250146",https://map.kakao.com/?panoid=1203478791&pan=146.9&zoom=0&map_type=TYPE_MAP&map_attribute=ROADVIEW&urlX=483404.0&urlY=1081956.0,https://rv.map.kakao.com/roadview-search/v2/node/1203478791?SERVICE=csspano,downloaded,/workspace/scratch/0ad8d7d5b1e3/onway_corridor_mvp/roadview_evidence/approaches/CW20-A/target.jpg
CW20-B,CW20,B,37.39446220683226,126.92522835215944,1203480668,37.3944448113265,126.92514944156,7.23,74.5,326.1,left,18.4,2025-12-01 14:08:27,"https://map.kakao.com/link/roadview/37.3944622,126.9252284",https://map.kakao.com/?panoid=1203480668&pan=326.1&zoom=0&map_type=TYPE_MAP&map_attribute=ROADVIEW&urlX=483430.0&urlY=1081979.0,https://rv.map.kakao.com/roadview-search/v2/node/1203480668?SERVICE=csspano,downloaded,/workspace/scratch/0ad8d7d5b1e3/onway_corridor_mvp/roadview_evidence/approaches/CW20-B/target.jpg
CW21-A,CW21,A,37.39303756607922,126.92322375721096,1202871152,37.3931028575114,126.92322646908,7.26,181.9,233.4,right,38.5,2025-11-18 11:18:33,"https://map.kakao.com/link/roadview/37.3930376,126.9232238",https://map.kakao.com/?panoid=1202871152&pan=233.4&zoom=0&map_type=TYPE_MAP&map_attribute=ROADVIEW&urlX=483004.0&urlY=1081607.0,https://rv.map.kakao.com/roadview-search/v2/node/1202871152?SERVICE=csspano,downloaded,/workspace/scratch/0ad8d7d5b1e3/onway_corridor_mvp/roadview_evidence/approaches/CW21-A/target.jpg
CW21-B,CW21,B,37.39310371392077,126.92317024278903,1202871152,37.3931028575114,126.92322646908,4.97,271.1,233.4,front,37.7,2025-11-18 11:18:33,"https://map.kakao.com/link/roadview/37.3931037,126.9231702",https://map.kakao.com/?panoid=1202871152&pan=233.4&zoom=0&map_type=TYPE_MAP&map_attribute=ROADVIEW&urlX=483004.0&urlY=1081607.0,https://rv.map.kakao.com/roadview-search/v2/node/1202871152?SERVICE=csspano,downloaded,/workspace/scratch/0ad8d7d5b1e3/onway_corridor_mvp/roadview_evidence/approaches/CW21-B/target.jpg
CW22-A,CW22,A,37.39214078880838,126.92361853491747,1202969686,37.3921985561639,126.923728789206,11.67,236.6,327.0,right,-0.4,2025-11-17 11:58:28,"https://map.kakao.com/link/roadview/37.3921408,126.9236185",https://map.kakao.com/?panoid=1202969686&pan=327.0&zoom=0&map_type=TYPE_MAP&map_attribute=ROADVIEW&urlX=483115.0&urlY=1081356.0,https://rv.map.kakao.com/roadview-search/v2/node/1202969686?SERVICE=csspano,downloaded,/workspace/scratch/0ad8d7d5b1e3/onway_corridor_mvp/roadview_evidence/approaches/CW22-A/target.jpg
CW22-B,CW22,B,37.39221919119162,126.92376926508251,1202969686,37.3921985561639,126.923728789206,4.25,57.3,327.0,left,0.3,2025-11-17 11:58:28,"https://map.kakao.com/link/roadview/37.3922192,126.9237693",https://map.kakao.com/?panoid=1202969686&pan=327.0&zoom=0&map_type=TYPE_MAP&map_attribute=ROADVIEW&urlX=483115.0&urlY=1081356.0,https://rv.map.kakao.com/roadview-search/v2/node/1202969686?SERVICE=csspano,downloaded,/workspace/scratch/0ad8d7d5b1e3/onway_corridor_mvp/roadview_evidence/approaches/CW22-B/target.jpg
CW23-A,CW23,A,37.39211628056607,126.92388323781566,1202870512,37.3921698427742,126.923914019243,6.55,204.5,238.8,front,-34.3,2025-11-18 10:22:37,"https://map.kakao.com/link/roadview/37.3921163,126.9238832",https://map.kakao.com/?panoid=1202870512&pan=238.8&zoom=0&map_type=TYPE_MAP&map_attribute=ROADVIEW&urlX=483156.0&urlY=1081348.0,https://rv.map.kakao.com/roadview-search/v2/node/1202870512?SERVICE=csspano,downloaded,/workspace/scratch/0ad8d7d5b1e3/onway_corridor_mvp/roadview_evidence/approaches/CW23-A/target.jpg
CW23-B,CW23,B,37.39216041943393,126.92384736218435,1202870512,37.3921698427742,126.923914019243,5.98,259.9,238.8,front,21.1,2025-11-18 10:22:37,"https://map.kakao.com/link/roadview/37.3921604,126.9238474",https://map.kakao.com/?panoid=1202870512&pan=238.8&zoom=0&map_type=TYPE_MAP&map_attribute=ROADVIEW&urlX=483156.0&urlY=1081348.0,https://rv.map.kakao.com/roadview-search/v2/node/1202870512?SERVICE=csspano,downloaded,/workspace/scratch/0ad8d7d5b1e3/onway_corridor_mvp/roadview_evidence/approaches/CW23-B/target.jpg
CW24-A,CW24,A,37.3920183365017,126.92359267780495,1202969685,37.392122911104,126.923792105155,21.11,236.6,327.1,right,-0.5,2025-11-17 11:58:26,"https://map.kakao.com/link/roadview/37.3920183,126.9235927",https://map.kakao.com/?panoid=1202969685&pan=327.1&zoom=0&map_type=TYPE_MAP&map_attribute=ROADVIEW&urlX=483129.0&urlY=1081335.0,https://rv.map.kakao.com/roadview-search/v2/node/1202969685?SERVICE=csspano,downloaded,/workspace/scratch/0ad8d7d5b1e3/onway_corridor_mvp/roadview_evidence/approaches/CW24-A/target.jpg
CW24-B,CW24,B,37.392087123498314,126.92372492219503,1202969685,37.392122911104,126.923792105155,7.15,236.2,327.1,right,-0.9,2025-11-17 11:58:26,"https://map.kakao.com/link/roadview/37.3920871,126.9237249",https://map.kakao.com/?panoid=1202969685&pan=327.1&zoom=0&map_type=TYPE_MAP&map_attribute=ROADVIEW&urlX=483129.0&urlY=1081335.0,https://rv.map.kakao.com/roadview-search/v2/node/1202969685?SERVICE=csspano,downloaded,/workspace/scratch/0ad8d7d5b1e3/onway_corridor_mvp/roadview_evidence/approaches/CW24-B/target.jpg
CW25-A,CW25,A,37.3919801552276,126.9237435785561,1202969684,37.3920472631004,126.923850903891,12.07,231.8,326.9,right,-5.1,2025-11-17 11:58:25,"https://map.kakao.com/link/roadview/37.3919802,126.9237436",https://map.kakao.com/?panoid=1202969684&pan=326.9&zoom=0&map_type=TYPE_MAP&map_attribute=ROADVIEW&urlX=483142.0&urlY=1081314.0,https://rv.map.kakao.com/roadview-search/v2/node/1202969684?SERVICE=csspano,downloaded,/workspace/scratch/0ad8d7d5b1e3/onway_corridor_mvp/roadview_evidence/approaches/CW25-A/target.jpg
CW25-B,CW25,B,37.3920609447724,126.9238972214439,1202969684,37.3920472631004,126.923850903891,4.37,69.6,326.9,left,12.7,2025-11-17 11:58:25,"https://map.kakao.com/link/roadview/37.3920609,126.9238972",https://map.kakao.com/?panoid=1202969684&pan=326.9&zoom=0&map_type=TYPE_MAP&map_attribute=ROADVIEW&urlX=483142.0&urlY=1081314.0,https://rv.map.kakao.com/roadview-search/v2/node/1202969684?SERVICE=csspano,downloaded,/workspace/scratch/0ad8d7d5b1e3/onway_corridor_mvp/roadview_evidence/approaches/CW25-B/target.jpg
CW26-A,CW26,A,37.39130366285457,126.9243625992532,1202969675,37.3913772621815,126.92441169565,9.26,207.9,326.8,right,-28.9,2025-11-17 11:57:37,"https://map.kakao.com/link/roadview/37.3913037,126.9243626",https://map.kakao.com/?panoid=1202969675&pan=326.8&zoom=0&map_type=TYPE_MAP&map_attribute=ROADVIEW&urlX=483266.0&urlY=1081128.0,https://rv.map.kakao.com/roadview-search/v2/node/1202969675?SERVICE=csspano,downloaded,/workspace/scratch/0ad8d7d5b1e3/onway_corridor_mvp/roadview_evidence/approaches/CW26-A/target.jpg
CW26-B,CW26,B,37.39135683714544,126.92446840074679,1202969675,37.3913772621815,126.92441169565,5.5,114.4,326.8,back,-32.4,2025-11-17 11:57:37,"https://map.kakao.com/link/roadview/37.3913568,126.9244684",https://map.kakao.com/?panoid=1202969675&pan=326.8&zoom=0&map_type=TYPE_MAP&map_attribute=ROADVIEW&urlX=483266.0&urlY=1081128.0,https://rv.map.kakao.com/roadview-search/v2/node/1202969675?SERVICE=csspano,downloaded,/workspace/scratch/0ad8d7d5b1e3/onway_corridor_mvp/roadview_evidence/approaches/CW26-B/target.jpg
CW27-A,CW27,A,37.39045684884471,126.92505581204853,1202969663,37.3904767113621,126.92515338697,8.9,255.6,328.0,right,17.6,2025-11-17 11:57:25,"https://map.kakao.com/link/roadview/37.3904568,126.9250558",https://map.kakao.com/?panoid=1202969663&pan=328.0&zoom=0&map_type=TYPE_MAP&map_attribute=ROADVIEW&urlX=483430.0&urlY=1080878.0,https://rv.map.kakao.com/roadview-search/v2/node/1202969663?SERVICE=csspano,downloaded,/workspace/scratch/0ad8d7d5b1e3/onway_corridor_mvp/roadview_evidence/approaches/CW27-A/target.jpg
CW27-B,CW27,B,37.390526071155286,126.92518498795148,1202969663,37.3904767113621,126.92515338697,6.16,27.0,328.0,left,-31.0,2025-11-17 11:57:25,"https://map.kakao.com/link/roadview/37.3905261,126.9251850",https://map.kakao.com/?panoid=1202969663&pan=328.0&zoom=0&map_type=TYPE_MAP&map_attribute=ROADVIEW&urlX=483430.0&urlY=1080878.0,https://rv.map.kakao.com/roadview-search/v2/node/1202969663?SERVICE=csspano,downloaded,/workspace/scratch/0ad8d7d5b1e3/onway_corridor_mvp/roadview_evidence/approaches/CW27-B/target.jpg
CW28-A,CW28,A,37.39040313736469,126.92534644316888,1202970288,37.3904371948683,126.92535669091,3.89,193.4,58.4,back,-45.0,2025-11-17 13:29:46,"https://map.kakao.com/link/roadview/37.3904031,126.9253464",https://map.kakao.com/?panoid=1202970288&pan=58.4&zoom=0&map_type=TYPE_MAP&map_attribute=ROADVIEW&urlX=483475.0&urlY=1080867.0,https://rv.map.kakao.com/roadview-search/v2/node/1202970288?SERVICE=csspano,downloaded,/workspace/scratch/0ad8d7d5b1e3/onway_corridor_mvp/roadview_evidence/approaches/CW28-A/target.jpg
CW28-B,CW28,B,37.390506262635306,126.92526195683112,1202969663,37.3904767113621,126.92515338697,10.14,71.1,328.0,left,13.1,2025-11-17 11:57:25,"https://map.kakao.com/link/roadview/37.3905063,126.9252620",https://map.kakao.com/?panoid=1202969663&pan=328.0&zoom=0&map_type=TYPE_MAP&map_attribute=ROADVIEW&urlX=483430.0&urlY=1080878.0,https://rv.map.kakao.com/roadview-search/v2/node/1202969663?SERVICE=csspano,downloaded,/workspace/scratch/0ad8d7d5b1e3/onway_corridor_mvp/roadview_evidence/approaches/CW28-B/target.jpg
CW29-A,CW29,A,37.39031011408944,126.92508866166824,1202970285,37.3903252767099,126.92505416384,3.48,119.0,67.5,left,-38.5,2025-11-17 13:29:43,"https://map.kakao.com/link/roadview/37.3903101,126.9250887",https://map.kakao.com/?panoid=1202970285&pan=67.5&zoom=0&map_type=TYPE_MAP&map_attribute=ROADVIEW&urlX=483408.0&urlY=1080836.0,https://rv.map.kakao.com/roadview-search/v2/node/1202970285?SERVICE=csspano,downloaded,/workspace/scratch/0ad8d7d5b1e3/onway_corridor_mvp/roadview_evidence/approaches/CW29-A/target.jpg
CW29-B,CW29,B,37.390403245910555,126.92504233833175,1202970285,37.3903252767099,126.92505416384,8.73,353.1,67.5,right,15.6,2025-11-17 13:29:43,"https://map.kakao.com/link/roadview/37.3904032,126.9250423",https://map.kakao.com/?panoid=1202970285&pan=67.5&zoom=0&map_type=TYPE_MAP&map_attribute=ROADVIEW&urlX=483408.0&urlY=1080836.0,https://rv.map.kakao.com/roadview-search/v2/node/1202970285?SERVICE=csspano,downloaded,/workspace/scratch/0ad8d7d5b1e3/onway_corridor_mvp/roadview_evidence/approaches/CW29-B/target.jpg
CW30-A,CW30,A,37.39012616733453,126.92409457142617,1202970276,37.3900831978034,126.924105840907,4.88,348.2,110.3,right,-32.1,2025-11-17 13:29:32,"https://map.kakao.com/link/roadview/37.3901262,126.9240946",https://map.kakao.com/?panoid=1202970276&pan=110.3&zoom=0&map_type=TYPE_MAP&map_attribute=ROADVIEW&urlX=483198.0&urlY=1080769.0,https://rv.map.kakao.com/roadview-search/v2/node/1202970276?SERVICE=csspano,downloaded,/workspace/scratch/0ad8d7d5b1e3/onway_corridor_mvp/roadview_evidence/approaches/CW30-A/target.jpg
CW30-B,CW30,B,37.390204712665465,126.92412862857385,1202970276,37.3900831978034,126.924105840907,13.66,8.5,110.3,right,-11.8,2025-11-17 13:29:32,"https://map.kakao.com/link/roadview/37.3902047,126.9241286",https://map.kakao.com/?panoid=1202970276&pan=110.3&zoom=0&map_type=TYPE_MAP&map_attribute=ROADVIEW&urlX=483198.0&urlY=1080769.0,https://rv.map.kakao.com/roadview-search/v2/node/1202970276?SERVICE=csspano,downloaded,/workspace/scratch/0ad8d7d5b1e3/onway_corridor_mvp/roadview_evidence/approaches/CW30-B/target.jpg
CW31-A,CW31,A,37.39032369675492,126.92520600321222,1202969661,37.3903218069797,126.925266465607,5.35,272.3,334.4,right,27.9,2025-11-17 11:57:23,"https://map.kakao.com/link/roadview/37.3903237,126.9252060",https://map.kakao.com/?panoid=1202969661&pan=334.4&zoom=0&map_type=TYPE_MAP&map_attribute=ROADVIEW&urlX=483455.0&urlY=1080835.0,https://rv.map.kakao.com/roadview-search/v2/node/1202969661?SERVICE=csspano,downloaded,/workspace/scratch/0ad8d7d5b1e3/onway_corridor_mvp/roadview_evidence/approaches/CW31-A/target.jpg
CW31-B,CW31,B,37.39036492324509,126.92534499678776,1202970288,37.3904371948683,126.92535669091,8.1,187.3,58.4,left,38.9,2025-11-17 13:29:46,"https://map.kakao.com/link/roadview/37.3903649,126.9253450",https://map.kakao.com/?panoid=1202970288&pan=58.4&zoom=0&map_type=TYPE_MAP&map_attribute=ROADVIEW&urlX=483475.0&urlY=1080867.0,https://rv.map.kakao.com/roadview-search/v2/node/1202970288?SERVICE=csspano,downloaded,/workspace/scratch/0ad8d7d5b1e3/onway_corridor_mvp/roadview_evidence/approaches/CW31-B/target.jpg
CW32-A,CW32,A,37.390048790568265,126.9242948447004,1202970278,37.3900833396448,126.924327172345,4.79,216.6,71.5,back,-34.9,2025-11-17 13:29:35,"https://map.kakao.com/link/roadview/37.3900488,126.9242948",https://map.kakao.com/?panoid=1202970278&pan=71.5&zoom=0&map_type=TYPE_MAP&map_attribute=ROADVIEW&urlX=483247.0&urlY=1080769.0,https://rv.map.kakao.com/roadview-search/v2/node/1202970278?SERVICE=csspano,downloaded,/workspace/scratch/0ad8d7d5b1e3/onway_corridor_mvp/roadview_evidence/approaches/CW32-A/target.jpg
CW32-B,CW32,B,37.39012174943174,126.92425855529957,1202970277,37.3900688509743,126.924214262654,7.06,33.6,90.4,right,33.2,2025-11-17 13:29:34,"https://map.kakao.com/link/roadview/37.3901217,126.9242586",https://map.kakao.com/?panoid=1202970277&pan=90.4&zoom=0&map_type=TYPE_MAP&map_attribute=ROADVIEW&urlX=483222.0&urlY=1080765.0,https://rv.map.kakao.com/roadview-search/v2/node/1202970277?SERVICE=csspano,downloaded,/workspace/scratch/0ad8d7d5b1e3/onway_corridor_mvp/roadview_evidence/approaches/CW32-B/target.jpg
CW33-A,CW33,A,37.389982227292826,126.9254940088399,1202972599,37.3900120149496,126.925519723268,4.02,214.4,251.4,front,-37.0,2025-11-17 15:39:09,"https://map.kakao.com/link/roadview/37.3899822,126.9254940",https://map.kakao.com/?panoid=1202972599&pan=251.4&zoom=0&map_type=TYPE_MAP&map_attribute=ROADVIEW&urlX=483511.0&urlY=1080749.0,https://rv.map.kakao.com/roadview-search/v2/node/1202972599?SERVICE=csspano,downloaded,/workspace/scratch/0ad8d7d5b1e3/onway_corridor_mvp/roadview_evidence/approaches/CW33-A/target.jpg
CW33-B,CW33,B,37.39001577270718,126.9254661911601,1202972599,37.3900120149496,126.925519723268,4.75,275.0,251.4,front,23.6,2025-11-17 15:39:09,"https://map.kakao.com/link/roadview/37.3900158,126.9254662",https://map.kakao.com/?panoid=1202972599&pan=251.4&zoom=0&map_type=TYPE_MAP&map_attribute=ROADVIEW&urlX=483511.0&urlY=1080749.0,https://rv.map.kakao.com/roadview-search/v2/node/1202972599?SERVICE=csspano,downloaded,/workspace/scratch/0ad8d7d5b1e3/onway_corridor_mvp/roadview_evidence/approaches/CW33-B/target.jpg
CW34-A,CW34,A,37.389622186729625,126.92548561896953,1202970045,37.3895290471272,126.925488582499,10.36,358.6,233.1,left,35.5,2025-11-17 13:10:05,"https://map.kakao.com/link/roadview/37.3896222,126.9254856",https://map.kakao.com/?panoid=1202970045&pan=233.1&zoom=0&map_type=TYPE_MAP&map_attribute=ROADVIEW&urlX=483504.0&urlY=1080615.0,https://rv.map.kakao.com/roadview-search/v2/node/1202970045?SERVICE=csspano,downloaded,/workspace/scratch/0ad8d7d5b1e3/onway_corridor_mvp/roadview_evidence/approaches/CW34-A/target.jpg
CW34-B,CW34,B,37.38965699327038,126.92561438103047,1202969653,37.3896516572501,126.925601384781,1.29,62.7,339.7,left,-7.0,2025-11-17 11:57:08,"https://map.kakao.com/link/roadview/37.3896570,126.9256144",https://map.kakao.com/?panoid=1202969653&pan=339.7&zoom=0&map_type=TYPE_MAP&map_attribute=ROADVIEW&urlX=483529.0&urlY=1080649.0,https://rv.map.kakao.com/roadview-search/v2/node/1202969653?SERVICE=csspano,downloaded,/workspace/scratch/0ad8d7d5b1e3/onway_corridor_mvp/roadview_evidence/approaches/CW34-B/target.jpg
CW35-A,CW35,A,37.38956545502662,126.92568254442703,1202969652,37.3895651818443,126.925637605756,3.97,89.6,339.6,left,20.0,2025-11-17 11:57:07,"https://map.kakao.com/link/roadview/37.3895655,126.9256825",https://map.kakao.com/?panoid=1202969652&pan=339.6&zoom=0&map_type=TYPE_MAP&map_attribute=ROADVIEW&urlX=483537.0&urlY=1080625.0,https://rv.map.kakao.com/roadview-search/v2/node/1202969652?SERVICE=csspano,downloaded,/workspace/scratch/0ad8d7d5b1e3/onway_corridor_mvp/roadview_evidence/approaches/CW35-A/target.jpg
CW35-B,CW35,B,37.38963516497338,126.92564065557295,1202969653,37.3896516572501,126.925601384781,3.92,117.9,339.7,back,-41.8,2025-11-17 11:57:08,"https://map.kakao.com/link/roadview/37.3896352,126.9256407",https://map.kakao.com/?panoid=1202969653&pan=339.7&zoom=0&map_type=TYPE_MAP&map_attribute=ROADVIEW&urlX=483529.0&urlY=1080649.0,https://rv.map.kakao.com/roadview-search/v2/node/1202969653?SERVICE=csspano,downloaded,/workspace/scratch/0ad8d7d5b1e3/onway_corridor_mvp/roadview_evidence/approaches/CW35-B/target.jpg
CW36-A,CW36,A,37.389460889905884,126.92553763921738,1202970045,37.3895290471272,126.925488582499,8.73,150.2,233.1,right,7.1,2025-11-17 13:10:05,"https://map.kakao.com/link/roadview/37.3894609,126.9255376",https://map.kakao.com/?panoid=1202970045&pan=233.1&zoom=0&map_type=TYPE_MAP&map_attribute=ROADVIEW&urlX=483504.0&urlY=1080615.0,https://rv.map.kakao.com/roadview-search/v2/node/1202970045?SERVICE=csspano,downloaded,/workspace/scratch/0ad8d7d5b1e3/onway_corridor_mvp/roadview_evidence/approaches/CW36-A/target.jpg
CW36-B,CW36,B,37.389528410094115,126.92545656078262,1202970045,37.3895290471272,126.925488582499,2.83,268.6,233.1,front,35.5,2025-11-17 13:10:05,"https://map.kakao.com/link/roadview/37.3895284,126.9254566",https://map.kakao.com/?panoid=1202970045&pan=233.1&zoom=0&map_type=TYPE_MAP&map_attribute=ROADVIEW&urlX=483504.0&urlY=1080615.0,https://rv.map.kakao.com/roadview-search/v2/node/1202970045?SERVICE=csspano,downloaded,/workspace/scratch/0ad8d7d5b1e3/onway_corridor_mvp/roadview_evidence/approaches/CW36-B/target.jpg
CW37-A,CW37,A,37.38942767602712,126.92561176972762,1202969651,37.389482313354,126.925678340022,8.46,224.1,339.3,right,-25.2,2025-11-17 11:57:06,"https://map.kakao.com/link/roadview/37.3894277,126.9256118",https://map.kakao.com/?panoid=1202969651&pan=339.3&zoom=0&map_type=TYPE_MAP&map_attribute=ROADVIEW&urlX=483546.0&urlY=1080602.0,https://rv.map.kakao.com/roadview-search/v2/node/1202969651?SERVICE=csspano,downloaded,/workspace/scratch/0ad8d7d5b1e3/onway_corridor_mvp/roadview_evidence/approaches/CW37-A/target.jpg
CW37-B,CW37,B,37.38945428397289,126.92570423027236,1202969651,37.389482313354,126.925678340022,3.87,143.7,339.3,back,-15.6,2025-11-17 11:57:06,"https://map.kakao.com/link/roadview/37.3894543,126.9257042",https://map.kakao.com/?panoid=1202969651&pan=339.3&zoom=0&map_type=TYPE_MAP&map_attribute=ROADVIEW&urlX=483546.0&urlY=1080602.0,https://rv.map.kakao.com/roadview-search/v2/node/1202969651?SERVICE=csspano,downloaded,/workspace/scratch/0ad8d7d5b1e3/onway_corridor_mvp/roadview_evidence/approaches/CW37-B/target.jpg
CW38-A,CW38,A,37.389248330727646,126.92520180052233,1202970049,37.3892873620789,126.925154569367,6.02,136.1,225.5,right,0.6,2025-11-17 13:10:10,"https://map.kakao.com/link/roadview/37.3892483,126.9252018",https://map.kakao.com/?panoid=1202970049&pan=225.5&zoom=0&map_type=TYPE_MAP&map_attribute=ROADVIEW&urlX=483430.0&urlY=1080548.0,https://rv.map.kakao.com/roadview-search/v2/node/1202970049?SERVICE=csspano,downloaded,/workspace/scratch/0ad8d7d5b1e3/onway_corridor_mvp/roadview_evidence/approaches/CW38-A/target.jpg
CW38-B,CW38,B,37.38930162927237,126.9251377994777,1202970049,37.3892873620789,126.925154569367,2.17,317.0,225.5,left,1.5,2025-11-17 13:10:10,"https://map.kakao.com/link/roadview/37.3893016,126.9251378",https://map.kakao.com/?panoid=1202970049&pan=225.5&zoom=0&map_type=TYPE_MAP&map_attribute=ROADVIEW&urlX=483430.0&urlY=1080548.0,https://rv.map.kakao.com/roadview-search/v2/node/1202970049?SERVICE=csspano,downloaded,/workspace/scratch/0ad8d7d5b1e3/onway_corridor_mvp/roadview_evidence/approaches/CW38-B/target.jpg
CW39-A,CW39,A,37.38924455741109,126.92509509723544,1202970050,37.3892224369878,126.925073329361,3.12,38.0,224.2,back,-6.2,2025-11-17 13:10:11,"https://map.kakao.com/link/roadview/37.3892446,126.9250951",https://map.kakao.com/?panoid=1202970050&pan=224.2&zoom=0&map_type=TYPE_MAP&map_attribute=ROADVIEW&urlX=483412.0&urlY=1080530.0,https://rv.map.kakao.com/roadview-search/v2/node/1202970050?SERVICE=csspano,downloaded,/workspace/scratch/0ad8d7d5b1e3/onway_corridor_mvp/roadview_evidence/approaches/CW39-A/target.jpg
CW39-B,CW39,B,37.38929968258892,126.92502890276454,1202970050,37.3892224369878,126.925073329361,9.44,335.4,224.2,left,21.2,2025-11-17 13:10:11,"https://map.kakao.com/link/roadview/37.3892997,126.9250289",https://map.kakao.com/?panoid=1202970050&pan=224.2&zoom=0&map_type=TYPE_MAP&map_attribute=ROADVIEW&urlX=483412.0&urlY=1080530.0,https://rv.map.kakao.com/roadview-search/v2/node/1202970050?SERVICE=csspano,downloaded,/workspace/scratch/0ad8d7d5b1e3/onway_corridor_mvp/roadview_evidence/approaches/CW39-B/target.jpg
CW40-A,CW40,A,37.38914772596454,126.92506392218567,1202970051,37.3891575118404,126.924992089495,6.44,99.7,225.5,right,-35.8,2025-11-17 13:10:12,"https://map.kakao.com/link/roadview/37.3891477,126.9250639",https://map.kakao.com/?panoid=1202970051&pan=225.5&zoom=0&map_type=TYPE_MAP&map_attribute=ROADVIEW&urlX=483394.0&urlY=1080512.0,https://rv.map.kakao.com/roadview-search/v2/node/1202970051?SERVICE=csspano,downloaded,/workspace/scratch/0ad8d7d5b1e3/onway_corridor_mvp/roadview_evidence/approaches/CW40-A/target.jpg
CW40-B,CW40,B,37.38920089403547,126.92500007781435,1202970051,37.3891575118404,126.924992089495,4.88,8.3,225.5,back,-37.2,2025-11-17 13:10:12,"https://map.kakao.com/link/roadview/37.3892009,126.9250001",https://map.kakao.com/?panoid=1202970051&pan=225.5&zoom=0&map_type=TYPE_MAP&map_attribute=ROADVIEW&urlX=483394.0&urlY=1080512.0,https://rv.map.kakao.com/roadview-search/v2/node/1202970051?SERVICE=csspano,downloaded,/workspace/scratch/0ad8d7d5b1e3/onway_corridor_mvp/roadview_evidence/approaches/CW40-B/target.jpg
