sample_id,management_id,target_lat,target_lon,panoid,pano_lat,pano_lon,pano_distance_m,target_bearing_deg,pano_angle_deg,shot_date,shot_tool,street_name,img_path,roadview_link,resolved_url,node_url,contact_path,status
CW01,2024121199,37.40242493,126.9226883,1202971200,37.4024623687698,126.922765149926,7.96,238.5,327.8,2025-11-17 14:28:24,202,태평로,/2025/11/9149836/2_104077_9149836_20251117052824,"https://map.kakao.com/link/roadview/37.4024249,126.9226883",https://map.kakao.com/?panoid=1202971200&pan=327.8&zoom=0&map_type=TYPE_MAP&map_attribute=ROADVIEW&urlX=482904.0&urlY=1084204.0,https://rv.map.kakao.com/roadview-search/v2/node/1202971200?SERVICE=csspano,/workspace/scratch/0ad8d7d5b1e3/onway_corridor_mvp/roadview_evidence/CW01/contact.jpg,downloaded
CW02,2024121207,37.40225438,126.9216164,1203476225,37.4021803934224,126.921464342594,15.75,58.5,326.4,2025-12-01 13:09:30,202,만안로,/2025/12/9150040/2_102692_9150040_20251201040930,"https://map.kakao.com/link/roadview/37.4022544,126.9216164",https://map.kakao.com/?panoid=1203476225&pan=326.4&zoom=0&map_type=TYPE_MAP&map_attribute=ROADVIEW&urlX=482616.0&urlY=1084126.0,https://rv.map.kakao.com/roadview-search/v2/node/1203476225?SERVICE=csspano,/workspace/scratch/0ad8d7d5b1e3/onway_corridor_mvp/roadview_evidence/CW02/contact.jpg,downloaded
CW03,2024121198,37.40302041,126.9222916,1202971207,37.4029954975179,126.922344452367,5.43,300.7,327.3,2025-11-17 14:28:34,202,태평로,/2025/11/9149836/2_104084_9149836_20251117052834,"https://map.kakao.com/link/roadview/37.4030204,126.9222916",https://map.kakao.com/?panoid=1202971207&pan=327.3&zoom=0&map_type=TYPE_MAP&map_attribute=ROADVIEW&urlX=482811.0&urlY=1084352.0,https://rv.map.kakao.com/roadview-search/v2/node/1202971207?SERVICE=csspano,/workspace/scratch/0ad8d7d5b1e3/onway_corridor_mvp/roadview_evidence/CW03/contact.jpg,downloaded
CW04,2024121191,37.40225822,126.9214135,1203476229,37.4022560370947,126.921401015828,1.13,77.6,326.3,2025-12-01 13:09:31,202,만안로,/2025/12/9150040/2_102693_9150040_20251201040931,"https://map.kakao.com/link/roadview/37.4022582,126.9214135",https://map.kakao.com/?panoid=1203476229&pan=326.3&zoom=0&map_type=TYPE_MAP&map_attribute=ROADVIEW&urlX=482602.0&urlY=1084147.0,https://rv.map.kakao.com/roadview-search/v2/node/1203476229?SERVICE=csspano,/workspace/scratch/0ad8d7d5b1e3/onway_corridor_mvp/roadview_evidence/CW04/contact.jpg,downloaded
CW05,2024121201,37.40217779,126.9229561,1202971196,37.4021597821288,126.923004898361,4.75,294.9,327.5,2025-11-17 14:28:18,202,태평로,/2025/11/9149836/2_104073_9149836_20251117052818,"https://map.kakao.com/link/roadview/37.4021778,126.9229561",https://map.kakao.com/?panoid=1202971196&pan=327.5&zoom=0&map_type=TYPE_MAP&map_attribute=ROADVIEW&urlX=482957.0&urlY=1084120.0,https://rv.map.kakao.com/roadview-search/v2/node/1202971196?SERVICE=csspano,/workspace/scratch/0ad8d7d5b1e3/onway_corridor_mvp/roadview_evidence/CW05/contact.jpg,downloaded
CW06,2024121072,37.40180602,126.921626,1203482543,37.4017443775739,126.921582257068,7.87,29.4,57.9,2025-12-01 14:54:27,202,만안로,/2025/12/9150040/2_104447_9150040_20251201055427,"https://map.kakao.com/link/roadview/37.4018060,126.9216260",https://map.kakao.com/?panoid=1203482543&pan=57.9&zoom=0&map_type=TYPE_MAP&map_attribute=ROADVIEW&urlX=482642.0&urlY=1084005.0,https://rv.map.kakao.com/roadview-search/v2/node/1203482543?SERVICE=csspano,/workspace/scratch/0ad8d7d5b1e3/onway_corridor_mvp/roadview_evidence/CW06/contact.jpg,downloaded
CW07,2024121209,37.40173706,126.9217644,1203476201,37.4017337388158,126.921844293025,7.07,273.0,325.8,2025-12-01 13:09:25,202,만안로,/2025/12/9150040/2_102686_9150040_20251201040925,"https://map.kakao.com/link/roadview/37.4017371,126.9217644",https://map.kakao.com/?panoid=1203476201&pan=325.8&zoom=0&map_type=TYPE_MAP&map_attribute=ROADVIEW&urlX=482700.0&urlY=1084002.0,https://rv.map.kakao.com/roadview-search/v2/node/1203476201?SERVICE=csspano,/workspace/scratch/0ad8d7d5b1e3/onway_corridor_mvp/roadview_evidence/CW07/contact.jpg,downloaded
CW08,2024121206,37.40153402,126.9234847,1202971188,37.4015546161051,126.923497942413,2.57,207.1,326.1,2025-11-17 14:28:06,202,태평로,/2025/11/9149836/2_104065_9149836_20251117052806,"https://map.kakao.com/link/roadview/37.4015340,126.9234847",https://map.kakao.com/?panoid=1202971188&pan=326.1&zoom=0&map_type=TYPE_MAP&map_attribute=ROADVIEW&urlX=483066.0&urlY=1083952.0,https://rv.map.kakao.com/roadview-search/v2/node/1202971188?SERVICE=csspano,/workspace/scratch/0ad8d7d5b1e3/onway_corridor_mvp/roadview_evidence/CW08/contact.jpg,downloaded
CW09,2024121203,37.40126888,126.9222862,1203476176,37.4013015171017,126.922251329891,4.76,139.7,319.4,2025-12-01 13:09:19,202,만안로,/2025/12/9150040/2_102680_9150040_20251201040919,"https://map.kakao.com/link/roadview/37.4012689,126.9222862",https://map.kakao.com/?panoid=1203476176&pan=319.4&zoom=0&map_type=TYPE_MAP&map_attribute=ROADVIEW&urlX=482790.0&urlY=1083882.0,https://rv.map.kakao.com/roadview-search/v2/node/1203476176?SERVICE=csspano,/workspace/scratch/0ad8d7d5b1e3/onway_corridor_mvp/roadview_evidence/CW09/contact.jpg,downloaded
CW10,2024121208,37.40125246,126.9237238,1202971184,37.4012484238436,126.923737688659,1.31,290.1,327.6,2025-11-17 14:28:00,202,태평로,/2025/11/9149836/2_104061_9149836_20251117052800,"https://map.kakao.com/link/roadview/37.4012525,126.9237238",https://map.kakao.com/?panoid=1202971184&pan=327.6&zoom=0&map_type=TYPE_MAP&map_attribute=ROADVIEW&urlX=483119.0&urlY=1083867.0,https://rv.map.kakao.com/roadview-search/v2/node/1202971184?SERVICE=csspano,/workspace/scratch/0ad8d7d5b1e3/onway_corridor_mvp/roadview_evidence/CW10/contact.jpg,downloaded
CW11,2024121196,37.40103172,126.9227142,1202874755,37.4009665331887,126.922549839166,16.23,63.5,320.5,2025-11-18 14:46:16,202,만안로,/2025/11/9149854/2_103415_9149854_20251118054616,"https://map.kakao.com/link/roadview/37.4010317,126.9227142",https://map.kakao.com/?panoid=1202874755&pan=320.5&zoom=0&map_type=TYPE_MAP&map_attribute=ROADVIEW&urlX=482856.0&urlY=1083789.0,https://rv.map.kakao.com/roadview-search/v2/node/1202874755?SERVICE=csspano,/workspace/scratch/0ad8d7d5b1e3/onway_corridor_mvp/roadview_evidence/CW11/contact.jpg,downloaded
CW12,2024121197,37.40100243,126.9226606,1202874755,37.4009665331887,126.922549839166,10.57,67.8,320.5,2025-11-18 14:46:16,202,만안로,/2025/11/9149854/2_103415_9149854_20251118054616,"https://map.kakao.com/link/roadview/37.4010024,126.9226606",https://map.kakao.com/?panoid=1202874755&pan=320.5&zoom=0&map_type=TYPE_MAP&map_attribute=ROADVIEW&urlX=482856.0&urlY=1083789.0,https://rv.map.kakao.com/roadview-search/v2/node/1202874755?SERVICE=csspano,/workspace/scratch/0ad8d7d5b1e3/onway_corridor_mvp/roadview_evidence/CW12/contact.jpg,downloaded
CW13,2024121190,37.400866,126.9218769,1202871529,37.4008651551786,126.921845195084,2.8,88.1,231.4,2025-11-18 11:52:27,202,안양로314번길,/2025/11/9149854/2_101597_9149854_20251118025227,"https://map.kakao.com/link/roadview/37.4008660,126.9218769",https://map.kakao.com/?panoid=1202871529&pan=231.4&zoom=0&map_type=TYPE_MAP&map_attribute=ROADVIEW&urlX=482700.0&urlY=1083761.0,https://rv.map.kakao.com/roadview-search/v2/node/1202871529?SERVICE=csspano,/workspace/scratch/0ad8d7d5b1e3/onway_corridor_mvp/roadview_evidence/CW13/contact.jpg,downloaded
CW14,2024120086,37.39955921,126.9238808,1202874714,37.3995438151831,126.923929152638,4.6,291.8,322.6,2025-11-18 14:45:30,202,만안로,/2025/11/9149854/2_103395_9149854_20251118054530,"https://map.kakao.com/link/roadview/37.3995592,126.9238808",https://map.kakao.com/?panoid=1202874714&pan=322.6&zoom=0&map_type=TYPE_MAP&map_attribute=ROADVIEW&urlX=483161.0&urlY=1083394.0,https://rv.map.kakao.com/roadview-search/v2/node/1202874714?SERVICE=csspano,/workspace/scratch/0ad8d7d5b1e3/onway_corridor_mvp/roadview_evidence/CW14/contact.jpg,downloaded
CW15,2024122521,37.39838246,126.9242529,1202873993,37.3983763213136,126.924287212709,3.11,282.7,56.0,2025-11-18 14:18:26,202,장내로,/2025/11/9149854/2_103050_9149854_20251118051826,"https://map.kakao.com/link/roadview/37.3983825,126.9242529",https://map.kakao.com/?panoid=1202873993&pan=56.0&zoom=0&map_type=TYPE_MAP&map_attribute=ROADVIEW&urlX=483240.0&urlY=1083070.0,https://rv.map.kakao.com/roadview-search/v2/node/1202873993?SERVICE=csspano,/workspace/scratch/0ad8d7d5b1e3/onway_corridor_mvp/roadview_evidence/CW15/contact.jpg,downloaded
CW16,2024122517,37.39758646,126.9227402,1202873960,37.3975860453637,126.922770154151,2.65,271.0,57.2,2025-11-18 14:18:05,202,장내로,/2025/11/9149854/2_103034_9149854_20251118051805,"https://map.kakao.com/link/roadview/37.3975865,126.9227402",https://map.kakao.com/?panoid=1202873960&pan=57.2&zoom=0&map_type=TYPE_MAP&map_attribute=ROADVIEW&urlX=482904.0&urlY=1082851.0,https://rv.map.kakao.com/roadview-search/v2/node/1202873960?SERVICE=csspano,/workspace/scratch/0ad8d7d5b1e3/onway_corridor_mvp/roadview_evidence/CW16/contact.jpg,downloaded
CW17,2024122512,37.39670022,126.9233629,1202875183,37.3967142361751,126.92335378929,1.75,152.7,34.5,2025-11-18 15:24:23,202,안양로268번길,/2025/11/9149854/2_103624_9149854_20251118062423,"https://map.kakao.com/link/roadview/37.3967002,126.9233629",https://map.kakao.com/?panoid=1202875183&pan=34.5&zoom=0&map_type=TYPE_MAP&map_attribute=ROADVIEW&urlX=483033.0&urlY=1082609.0,https://rv.map.kakao.com/roadview-search/v2/node/1202875183?SERVICE=csspano,/workspace/scratch/0ad8d7d5b1e3/onway_corridor_mvp/roadview_evidence/CW17/contact.jpg,downloaded
CW18,2024122514,37.39585333,126.9240758,1203480723,37.3957956260351,126.924023287149,7.92,35.9,326.1,2025-12-01 14:08:47,202,안양로258번길,/2025/12/9150040/2_103850_9150040_20251201050847,"https://map.kakao.com/link/roadview/37.3958533,126.9240758",https://map.kakao.com/?panoid=1203480723&pan=326.1&zoom=0&map_type=TYPE_MAP&map_attribute=ROADVIEW&urlX=483181.0&urlY=1082354.0,https://rv.map.kakao.com/roadview-search/v2/node/1203480723?SERVICE=csspano,/workspace/scratch/0ad8d7d5b1e3/onway_corridor_mvp/roadview_evidence/CW18/contact.jpg,downloaded
CW19,2024120083,37.39567724,126.9240285,1203478741,37.39564421962,126.92396923232,6.39,55.0,147.6,2025-12-01 13:50:22,202,안양로,/2025/12/9150040/2_103317_9150040_20251201045022,"https://map.kakao.com/link/roadview/37.3956772,126.9240285",https://map.kakao.com/?panoid=1203478741&pan=147.6&zoom=0&map_type=TYPE_MAP&map_attribute=ROADVIEW&urlX=483169.0&urlY=1082312.0,https://rv.map.kakao.com/roadview-search/v2/node/1203478741?SERVICE=csspano,/workspace/scratch/0ad8d7d5b1e3/onway_corridor_mvp/roadview_evidence/CW19/contact.jpg,downloaded
CW20,2024120362,37.39440509,126.9251215,1203480668,37.3944448113265,126.92514944156,5.06,209.2,326.1,2025-12-01 14:08:27,202,안양로,/2025/12/9150040/2_103832_9150040_20251201050827,"https://map.kakao.com/link/roadview/37.3944051,126.9251215",https://map.kakao.com/?panoid=1203480668&pan=326.1&zoom=0&map_type=TYPE_MAP&map_attribute=ROADVIEW&urlX=483430.0&urlY=1081979.0,https://rv.map.kakao.com/roadview-search/v2/node/1203480668?SERVICE=csspano,/workspace/scratch/0ad8d7d5b1e3/onway_corridor_mvp/roadview_evidence/CW20/contact.jpg,downloaded
CW21,2025085034,37.39307064,126.923197,1202871152,37.3931028575114,126.92322646908,4.43,216.0,233.4,2025-11-18 11:18:33,202,삼덕로,/2025/11/9149854/2_101220_9149854_20251118021833,"https://map.kakao.com/link/roadview/37.3930706,126.9231970",https://map.kakao.com/?panoid=1202871152&pan=233.4&zoom=0&map_type=TYPE_MAP&map_attribute=ROADVIEW&urlX=483004.0&urlY=1081607.0,https://rv.map.kakao.com/roadview-search/v2/node/1202871152?SERVICE=csspano,/workspace/scratch/0ad8d7d5b1e3/onway_corridor_mvp/roadview_evidence/CW21/contact.jpg,downloaded
CW22,2025085029,37.39217999,126.9236939,1202969686,37.3921985561639,126.923728789206,3.71,236.2,327.0,2025-11-17 11:58:28,202,냉천로,/2025/11/9149836/2_102563_9149836_20251117025828,"https://map.kakao.com/link/roadview/37.3921800,126.9236939",https://map.kakao.com/?panoid=1202969686&pan=327.0&zoom=0&map_type=TYPE_MAP&map_attribute=ROADVIEW&urlX=483115.0&urlY=1081356.0,https://rv.map.kakao.com/roadview-search/v2/node/1202969686?SERVICE=csspano,/workspace/scratch/0ad8d7d5b1e3/onway_corridor_mvp/roadview_evidence/CW22/contact.jpg,downloaded
CW23,2025085023,37.39213835,126.9238653,1202870512,37.3921698427742,126.923914019243,5.55,230.9,238.8,2025-11-18 10:22:37,202,안양로223번길,/2025/11/9149854/2_100580_9149854_20251118012237,"https://map.kakao.com/link/roadview/37.3921384,126.9238653",https://map.kakao.com/?panoid=1202870512&pan=238.8&zoom=0&map_type=TYPE_MAP&map_attribute=ROADVIEW&urlX=483156.0&urlY=1081348.0,https://rv.map.kakao.com/roadview-search/v2/node/1202870512?SERVICE=csspano,/workspace/scratch/0ad8d7d5b1e3/onway_corridor_mvp/roadview_evidence/CW23/contact.jpg,downloaded
CW24,2025085028,37.39205273,126.9236588,1202969685,37.392122911104,126.923792105155,14.13,236.5,327.1,2025-11-17 11:58:26,202,냉천로,/2025/11/9149836/2_102562_9149836_20251117025826,"https://map.kakao.com/link/roadview/37.3920527,126.9236588",https://map.kakao.com/?panoid=1202969685&pan=327.1&zoom=0&map_type=TYPE_MAP&map_attribute=ROADVIEW&urlX=483129.0&urlY=1081335.0,https://rv.map.kakao.com/roadview-search/v2/node/1202969685?SERVICE=csspano,/workspace/scratch/0ad8d7d5b1e3/onway_corridor_mvp/roadview_evidence/CW24/contact.jpg,downloaded
CW25,2025085030,37.39202055,126.9238204,1202969684,37.3920472631004,126.923850903891,4.01,222.2,326.9,2025-11-17 11:58:25,202,냉천로,/2025/11/9149836/2_102561_9149836_20251117025825,"https://map.kakao.com/link/roadview/37.3920205,126.9238204",https://map.kakao.com/?panoid=1202969684&pan=326.9&zoom=0&map_type=TYPE_MAP&map_attribute=ROADVIEW&urlX=483142.0&urlY=1081314.0,https://rv.map.kakao.com/roadview-search/v2/node/1202969684?SERVICE=csspano,/workspace/scratch/0ad8d7d5b1e3/onway_corridor_mvp/roadview_evidence/CW25/contact.jpg,downloaded
CW26,2025085031,37.39133025,126.9244155,1202969675,37.3913772621815,126.92441169565,5.24,176.3,326.8,2025-11-17 11:57:37,202,냉천로,/2025/11/9149836/2_102552_9149836_20251117025737,"https://map.kakao.com/link/roadview/37.3913303,126.9244155",https://map.kakao.com/?panoid=1202969675&pan=326.8&zoom=0&map_type=TYPE_MAP&map_attribute=ROADVIEW&urlX=483266.0&urlY=1081128.0,https://rv.map.kakao.com/roadview-search/v2/node/1202969675?SERVICE=csspano,/workspace/scratch/0ad8d7d5b1e3/onway_corridor_mvp/roadview_evidence/CW26/contact.jpg,downloaded
CW27,2025085009,37.39049146,126.9251204,1202969663,37.3904767113621,126.92515338697,3.34,299.4,328.0,2025-11-17 11:57:25,202,냉천로,/2025/11/9149836/2_102540_9149836_20251117025725,"https://map.kakao.com/link/roadview/37.3904915,126.9251204",https://map.kakao.com/?panoid=1202969663&pan=328.0&zoom=0&map_type=TYPE_MAP&map_attribute=ROADVIEW&urlX=483430.0&urlY=1080878.0,https://rv.map.kakao.com/roadview-search/v2/node/1202969663?SERVICE=csspano,/workspace/scratch/0ad8d7d5b1e3/onway_corridor_mvp/roadview_evidence/CW27/contact.jpg,downloaded
CW28,2025085010,37.3904547,126.9253042,1202970288,37.3904371948683,126.92535669091,5.03,292.8,58.4,2025-11-17 13:29:46,202,현충로,/2025/11/9149836/2_103165_9149836_20251117042946,"https://map.kakao.com/link/roadview/37.3904547,126.9253042",https://map.kakao.com/?panoid=1202970288&pan=58.4&zoom=0&map_type=TYPE_MAP&map_attribute=ROADVIEW&urlX=483475.0&urlY=1080867.0,https://rv.map.kakao.com/roadview-search/v2/node/1202970288?SERVICE=csspano,/workspace/scratch/0ad8d7d5b1e3/onway_corridor_mvp/roadview_evidence/CW28/contact.jpg,downloaded
CW29,2025085011,37.39035668,126.9250655,1202970285,37.3903252767099,126.92505416384,3.63,16.0,67.5,2025-11-17 13:29:43,202,냉천로,/2025/11/9149836/2_103162_9149836_20251117042943,"https://map.kakao.com/link/roadview/37.3903567,126.9250655",https://map.kakao.com/?panoid=1202970285&pan=67.5&zoom=0&map_type=TYPE_MAP&map_attribute=ROADVIEW&urlX=483408.0&urlY=1080836.0,https://rv.map.kakao.com/roadview-search/v2/node/1202970285?SERVICE=csspano,/workspace/scratch/0ad8d7d5b1e3/onway_corridor_mvp/roadview_evidence/CW29/contact.jpg,downloaded
CW30,2025085027,37.39016544,126.9241116,1202970276,37.3900831978034,126.924105840907,9.16,3.2,110.3,2025-11-17 13:29:32,202,현충로,/2025/11/9149836/2_103153_9149836_20251117042932,"https://map.kakao.com/link/roadview/37.3901654,126.9241116",https://map.kakao.com/?panoid=1202970276&pan=110.3&zoom=0&map_type=TYPE_MAP&map_attribute=ROADVIEW&urlX=483198.0&urlY=1080769.0,https://rv.map.kakao.com/roadview-search/v2/node/1202970276?SERVICE=csspano,/workspace/scratch/0ad8d7d5b1e3/onway_corridor_mvp/roadview_evidence/CW30/contact.jpg,downloaded
CW31,2025085012,37.39034431,126.9252755,1202969661,37.3903218069797,126.925266465607,2.63,17.7,334.4,2025-11-17 11:57:23,202,냉천로,/2025/11/9149836/2_102538_9149836_20251117025723,"https://map.kakao.com/link/roadview/37.3903443,126.9252755",https://map.kakao.com/?panoid=1202969661&pan=334.4&zoom=0&map_type=TYPE_MAP&map_attribute=ROADVIEW&urlX=483455.0&urlY=1080835.0,https://rv.map.kakao.com/roadview-search/v2/node/1202969661?SERVICE=csspano,/workspace/scratch/0ad8d7d5b1e3/onway_corridor_mvp/roadview_evidence/CW31/contact.jpg,downloaded
CW32,2025085025,37.39008527,126.9242767,1202970278,37.3900833396448,126.924327172345,4.46,272.8,71.5,2025-11-17 13:29:35,202,현충로,/2025/11/9149836/2_103155_9149836_20251117042935,"https://map.kakao.com/link/roadview/37.3900853,126.9242767",https://map.kakao.com/?panoid=1202970278&pan=71.5&zoom=0&map_type=TYPE_MAP&map_attribute=ROADVIEW&urlX=483247.0&urlY=1080769.0,https://rv.map.kakao.com/roadview-search/v2/node/1202970278?SERVICE=csspano,/workspace/scratch/0ad8d7d5b1e3/onway_corridor_mvp/roadview_evidence/CW32/contact.jpg,downloaded
CW33,2025085001,37.389999,126.9254801,1202972599,37.3900120149496,126.925519723268,3.79,247.5,251.4,2025-11-17 15:39:09,202,냉천로98번길,/2025/11/9149836/2_104811_9149836_20251117063909,"https://map.kakao.com/link/roadview/37.3899990,126.9254801",https://map.kakao.com/?panoid=1202972599&pan=251.4&zoom=0&map_type=TYPE_MAP&map_attribute=ROADVIEW&urlX=483511.0&urlY=1080749.0,https://rv.map.kakao.com/roadview-search/v2/node/1202972599?SERVICE=csspano,/workspace/scratch/0ad8d7d5b1e3/onway_corridor_mvp/roadview_evidence/CW33/contact.jpg,downloaded
CW34,2025085002,37.38963959,126.92555,1202969653,37.3896516572501,126.925601384781,4.73,253.5,339.7,2025-11-17 11:57:08,202,냉천로,/2025/11/9149836/2_102530_9149836_20251117025708,"https://map.kakao.com/link/roadview/37.3896396,126.9255500",https://map.kakao.com/?panoid=1202969653&pan=339.7&zoom=0&map_type=TYPE_MAP&map_attribute=ROADVIEW&urlX=483529.0&urlY=1080649.0,https://rv.map.kakao.com/roadview-search/v2/node/1202969653?SERVICE=csspano,/workspace/scratch/0ad8d7d5b1e3/onway_corridor_mvp/roadview_evidence/CW34/contact.jpg,downloaded
CW35,2025085003,37.38960031,126.9256616,1202970043,37.3896120719115,126.925696279698,3.33,246.9,245.9,2025-11-17 13:10:02,202,소곡로,/2025/11/9149836/2_102920_9149836_20251117041002,"https://map.kakao.com/link/roadview/37.3896003,126.9256616",https://map.kakao.com/?panoid=1202970043&pan=245.9&zoom=0&map_type=TYPE_MAP&map_attribute=ROADVIEW&urlX=483550.0&urlY=1080638.0,https://rv.map.kakao.com/roadview-search/v2/node/1202970043?SERVICE=csspano,/workspace/scratch/0ad8d7d5b1e3/onway_corridor_mvp/roadview_evidence/CW35/contact.jpg,downloaded
CW36,2025085005,37.38949465,126.9254971,1202970045,37.3895290471272,126.925488582499,3.9,168.9,233.1,2025-11-17 13:10:05,202,소곡로,/2025/11/9149836/2_102922_9149836_20251117041005,"https://map.kakao.com/link/roadview/37.3894947,126.9254971",https://map.kakao.com/?panoid=1202970045&pan=233.1&zoom=0&map_type=TYPE_MAP&map_attribute=ROADVIEW&urlX=483504.0&urlY=1080615.0,https://rv.map.kakao.com/roadview-search/v2/node/1202970045?SERVICE=csspano,/workspace/scratch/0ad8d7d5b1e3/onway_corridor_mvp/roadview_evidence/CW36/contact.jpg,downloaded
CW37,2025085004,37.38944098,126.925658,1202969651,37.389482313354,126.925678340022,4.93,201.4,339.3,2025-11-17 11:57:06,202,냉천로,/2025/11/9149836/2_102528_9149836_20251117025706,"https://map.kakao.com/link/roadview/37.3894410,126.9256580",https://map.kakao.com/?panoid=1202969651&pan=339.3&zoom=0&map_type=TYPE_MAP&map_attribute=ROADVIEW&urlX=483546.0&urlY=1080602.0,https://rv.map.kakao.com/roadview-search/v2/node/1202969651?SERVICE=csspano,/workspace/scratch/0ad8d7d5b1e3/onway_corridor_mvp/roadview_evidence/CW37/contact.jpg,downloaded
CW38,2025085007,37.38927498,126.9251698,1202970049,37.3892873620789,126.925154569367,1.93,135.7,225.5,2025-11-17 13:10:10,202,소곡로,/2025/11/9149836/2_102926_9149836_20251117041010,"https://map.kakao.com/link/roadview/37.3892750,126.9251698",https://map.kakao.com/?panoid=1202970049&pan=225.5&zoom=0&map_type=TYPE_MAP&map_attribute=ROADVIEW&urlX=483430.0&urlY=1080548.0,https://rv.map.kakao.com/roadview-search/v2/node/1202970049?SERVICE=csspano,/workspace/scratch/0ad8d7d5b1e3/onway_corridor_mvp/roadview_evidence/CW38/contact.jpg,downloaded
CW39,2025085006,37.38927212,126.925062,1202970050,37.3892224369878,126.925073329361,5.61,349.7,224.2,2025-11-17 13:10:11,202,소곡로,/2025/11/9149836/2_102927_9149836_20251117041011,"https://map.kakao.com/link/roadview/37.3892721,126.9250620",https://map.kakao.com/?panoid=1202970050&pan=224.2&zoom=0&map_type=TYPE_MAP&map_attribute=ROADVIEW&urlX=483412.0&urlY=1080530.0,https://rv.map.kakao.com/roadview-search/v2/node/1202970050?SERVICE=csspano,/workspace/scratch/0ad8d7d5b1e3/onway_corridor_mvp/roadview_evidence/CW39/contact.jpg,downloaded
CW40,2025085008,37.38917431,126.925032,1202970051,37.3891575118404,126.924992089495,3.99,62.1,225.5,2025-11-17 13:10:12,202,소곡로,/2025/11/9149836/2_102928_9149836_20251117041012,"https://map.kakao.com/link/roadview/37.3891743,126.9250320",https://map.kakao.com/?panoid=1202970051&pan=225.5&zoom=0&map_type=TYPE_MAP&map_attribute=ROADVIEW&urlX=483394.0&urlY=1080512.0,https://rv.map.kakao.com/roadview-search/v2/node/1202970051?SERVICE=csspano,/workspace/scratch/0ad8d7d5b1e3/onway_corridor_mvp/roadview_evidence/CW40/contact.jpg,downloaded
