edge_id,candidate_evidence_layer_count,candidate_evidence_layers,evidence_band,source_years,temporal_gap_years,dem_90m_context_available,human_verified,note
OSM_E_1150608720_f11c33de91,0,,0개 (OSM only),2026,0,True,False,공간 레이어 연결 수이며 독립적 사실 확인 수가 아님
OSM_E_1312936379_78fd5bc82b,3,공공 횡단보도;수치지형도;정사영상,3개 이상,2025;2026,1,True,False,공간 레이어 연결 수이며 독립적 사실 확인 수가 아님
OSM_E_1323539452_1fd6e87c26,0,,0개 (OSM only),2026,0,True,False,공간 레이어 연결 수이며 독립적 사실 확인 수가 아님
OSM_E_1323539452_684a872f01,0,,0개 (OSM only),2026,0,True,False,공간 레이어 연결 수이며 독립적 사실 확인 수가 아님
OSM_E_1323539453_3cf8adeb1c,0,,0개 (OSM only),2026,0,True,False,공간 레이어 연결 수이며 독립적 사실 확인 수가 아님
OSM_E_1323539454_82c82ff72f,0,,0개 (OSM only),2026,0,True,False,공간 레이어 연결 수이며 독립적 사실 확인 수가 아님
OSM_E_1323539454_861f3a9b41,0,,0개 (OSM only),2026,0,True,False,공간 레이어 연결 수이며 독립적 사실 확인 수가 아님
OSM_E_1323539455_834b368dd3,3,공공 횡단보도;수치지형도;정사영상,3개 이상,2025;2026,1,True,False,공간 레이어 연결 수이며 독립적 사실 확인 수가 아님
OSM_E_1417492465_a7cdf32987,0,,0개 (OSM only),2026,0,True,False,공간 레이어 연결 수이며 독립적 사실 확인 수가 아님
OSM_E_1432709988_dcb5debf59,1,수치지형도,1개,2022;2025;2026,4,True,False,공간 레이어 연결 수이며 독립적 사실 확인 수가 아님
OSM_E_1436606239_8cecc7903e,3,공공 횡단보도;수치지형도;정사영상,3개 이상,2025;2026,1,True,False,공간 레이어 연결 수이며 독립적 사실 확인 수가 아님
OSM_E_1467935154_7bb6921e0f,3,공공 횡단보도;수치지형도;정사영상,3개 이상,2025;2026,1,True,False,공간 레이어 연결 수이며 독립적 사실 확인 수가 아님
OSM_E_1467935157_6752fd4fa9,2,공공 횡단보도;정사영상,2개,2025;2026,1,True,False,공간 레이어 연결 수이며 독립적 사실 확인 수가 아님
OSM_E_1467935160_8e28dc95ff,1,수치지형도,1개,2025;2026,1,True,False,공간 레이어 연결 수이며 독립적 사실 확인 수가 아님
OSM_E_1468486458_909d9db72e,0,,0개 (OSM only),2026,0,True,False,공간 레이어 연결 수이며 독립적 사실 확인 수가 아님
OSM_E_1468486460_9f9ae3b3eb,0,,0개 (OSM only),2026,0,True,False,공간 레이어 연결 수이며 독립적 사실 확인 수가 아님
OSM_E_1468486462_75c8891f84,1,수치지형도,1개,2025;2026,1,True,False,공간 레이어 연결 수이며 독립적 사실 확인 수가 아님
OSM_E_1468486464_11b00d5065,0,,0개 (OSM only),2026,0,True,False,공간 레이어 연결 수이며 독립적 사실 확인 수가 아님
OSM_E_1469144024_121cbfde41,1,수치지형도,1개,2022;2025;2026,4,True,False,공간 레이어 연결 수이며 독립적 사실 확인 수가 아님
OSM_E_1469144024_60f9680ff8,1,수치지형도,1개,2022;2025;2026,4,True,False,공간 레이어 연결 수이며 독립적 사실 확인 수가 아님
OSM_E_1469144024_8912c5c8b8,3,공공 횡단보도;수치지형도;정사영상,3개 이상,2022;2025;2026,4,True,False,공간 레이어 연결 수이며 독립적 사실 확인 수가 아님
OSM_E_1469144024_a4c4e41644,3,공공 횡단보도;수치지형도;정사영상,3개 이상,2022;2025;2026,4,True,False,공간 레이어 연결 수이며 독립적 사실 확인 수가 아님
OSM_E_1469144024_da3cbf5fbf,1,수치지형도,1개,2022;2025;2026,4,True,False,공간 레이어 연결 수이며 독립적 사실 확인 수가 아님
OSM_E_1469144025_59dae8d94c,0,,0개 (OSM only),2026,0,True,False,공간 레이어 연결 수이며 독립적 사실 확인 수가 아님
OSM_E_1469144025_ba48b8aabd,0,,0개 (OSM only),2026,0,True,False,공간 레이어 연결 수이며 독립적 사실 확인 수가 아님
OSM_E_1469144025_c563783e89,0,,0개 (OSM only),2026,0,True,False,공간 레이어 연결 수이며 독립적 사실 확인 수가 아님
OSM_E_1469144025_cb92fc3e50,0,,0개 (OSM only),2026,0,True,False,공간 레이어 연결 수이며 독립적 사실 확인 수가 아님
OSM_E_1469144026_99ecc611f5,0,,0개 (OSM only),2026,0,True,False,공간 레이어 연결 수이며 독립적 사실 확인 수가 아님
OSM_E_1469144040_48db3eeace,1,수치지형도,1개,2022;2025;2026,4,True,False,공간 레이어 연결 수이며 독립적 사실 확인 수가 아님
OSM_E_1469144040_70fa80f201,0,,0개 (OSM only),2026,0,True,False,공간 레이어 연결 수이며 독립적 사실 확인 수가 아님
OSM_E_1469144040_7f0edf1c57,0,,0개 (OSM only),2026,0,True,False,공간 레이어 연결 수이며 독립적 사실 확인 수가 아님
OSM_E_1469144040_c0160a1a70,0,,0개 (OSM only),2026,0,True,False,공간 레이어 연결 수이며 독립적 사실 확인 수가 아님
OSM_E_1469144041_1724b5746f,0,,0개 (OSM only),2026,0,True,False,공간 레이어 연결 수이며 독립적 사실 확인 수가 아님
OSM_E_1469144042_74bcbd62fc,0,,0개 (OSM only),2026,0,True,False,공간 레이어 연결 수이며 독립적 사실 확인 수가 아님
OSM_E_1469144042_a8d0f49d00,0,,0개 (OSM only),2026,0,True,False,공간 레이어 연결 수이며 독립적 사실 확인 수가 아님
OSM_E_1469144042_dd1eb9d016,0,,0개 (OSM only),2026,0,True,False,공간 레이어 연결 수이며 독립적 사실 확인 수가 아님
OSM_E_1469144042_f416af49ff,0,,0개 (OSM only),2026,0,True,False,공간 레이어 연결 수이며 독립적 사실 확인 수가 아님
OSM_E_1469144043_22cbeb4ea6,0,,0개 (OSM only),2026,0,True,False,공간 레이어 연결 수이며 독립적 사실 확인 수가 아님
OSM_E_1469144044_02d200de79,0,,0개 (OSM only),2026,0,True,False,공간 레이어 연결 수이며 독립적 사실 확인 수가 아님
OSM_E_1469144044_bcac41ac07,0,,0개 (OSM only),2026,0,True,False,공간 레이어 연결 수이며 독립적 사실 확인 수가 아님
OSM_E_1469144044_bde50c247d,0,,0개 (OSM only),2026,0,True,False,공간 레이어 연결 수이며 독립적 사실 확인 수가 아님
OSM_E_1469144045_0652cb070d,0,,0개 (OSM only),2026,0,True,False,공간 레이어 연결 수이며 독립적 사실 확인 수가 아님
OSM_E_1469144045_36e54ba35f,0,,0개 (OSM only),2026,0,True,False,공간 레이어 연결 수이며 독립적 사실 확인 수가 아님
OSM_E_1469144045_46788bfd5e,0,,0개 (OSM only),2026,0,True,False,공간 레이어 연결 수이며 독립적 사실 확인 수가 아님
OSM_E_1469144046_703b0af35f,0,,0개 (OSM only),2026,0,True,False,공간 레이어 연결 수이며 독립적 사실 확인 수가 아님
OSM_E_1469155089_74ab581423,0,,0개 (OSM only),2026,0,True,False,공간 레이어 연결 수이며 독립적 사실 확인 수가 아님
OSM_E_286266781-318700000_626751739b,0,,0개 (OSM only),2026,0,True,False,공간 레이어 연결 수이며 독립적 사실 확인 수가 아님
OSM_E_286266781_003a9d640d,0,,0개 (OSM only),2026,0,True,False,공간 레이어 연결 수이며 독립적 사실 확인 수가 아님
OSM_E_286266781_25cc5041c9,0,,0개 (OSM only),2026,0,True,False,공간 레이어 연결 수이며 독립적 사실 확인 수가 아님
OSM_E_286266781_c94d4825d3,3,공공 횡단보도;수치지형도;정사영상,3개 이상,2025;2026,1,True,False,공간 레이어 연결 수이며 독립적 사실 확인 수가 아님
OSM_E_297281730-297281732_77e83cc38d,0,,0개 (OSM only),2026,0,True,False,공간 레이어 연결 수이며 독립적 사실 확인 수가 아님
OSM_E_297281730_40fd087550,3,공공 횡단보도;수치지형도;정사영상,3개 이상,2022;2025;2026,4,True,False,공간 레이어 연결 수이며 독립적 사실 확인 수가 아님
OSM_E_297281732_2644ac2a50,0,,0개 (OSM only),2026,0,True,False,공간 레이어 연결 수이며 독립적 사실 확인 수가 아님
OSM_E_297281732_29ac95e2c0,1,수치지형도,1개,2022;2025;2026,4,True,False,공간 레이어 연결 수이며 독립적 사실 확인 수가 아님
OSM_E_318577513_10f292e6bc,0,,0개 (OSM only),2026,0,True,False,공간 레이어 연결 수이며 독립적 사실 확인 수가 아님
OSM_E_318577513_268f213849,3,HD Map;공공 횡단보도;정사영상,3개 이상,2023;2025;2026,3,True,False,공간 레이어 연결 수이며 독립적 사실 확인 수가 아님
OSM_E_318699968_0a2af698fc,0,,0개 (OSM only),2026,0,True,False,공간 레이어 연결 수이며 독립적 사실 확인 수가 아님
OSM_E_318699968_36acf1fe8d,0,,0개 (OSM only),2026,0,True,False,공간 레이어 연결 수이며 독립적 사실 확인 수가 아님
OSM_E_318699968_7260adf7e3,0,,0개 (OSM only),2026,0,True,False,공간 레이어 연결 수이며 독립적 사실 확인 수가 아님
OSM_E_318699968_dd5a8c0958,0,,0개 (OSM only),2026,0,True,False,공간 레이어 연결 수이며 독립적 사실 확인 수가 아님
OSM_E_318699969_2e6be615d4,3,공공 횡단보도;수치지형도;정사영상,3개 이상,2022;2025;2026,4,True,False,공간 레이어 연결 수이며 독립적 사실 확인 수가 아님
OSM_E_318699969_3fdb7abca8,3,공공 횡단보도;수치지형도;정사영상,3개 이상,2022;2025;2026,4,True,False,공간 레이어 연결 수이며 독립적 사실 확인 수가 아님
OSM_E_318699969_eb3b8ba0e7,0,,0개 (OSM only),2026,0,True,False,공간 레이어 연결 수이며 독립적 사실 확인 수가 아님
OSM_E_318699979_49fc09537f,0,,0개 (OSM only),2026,0,True,False,공간 레이어 연결 수이며 독립적 사실 확인 수가 아님
OSM_E_318699979_72f0a32e86,3,공공 횡단보도;수치지형도;정사영상,3개 이상,2022;2025;2026,4,True,False,공간 레이어 연결 수이며 독립적 사실 확인 수가 아님
OSM_E_318699979_a54c37e2f8,0,,0개 (OSM only),2026,0,True,False,공간 레이어 연결 수이며 독립적 사실 확인 수가 아님
OSM_E_318699979_bd6d0e3aaa,1,수치지형도,1개,2022;2025;2026,4,True,False,공간 레이어 연결 수이며 독립적 사실 확인 수가 아님
OSM_E_318699979_d2087b1ce2,0,,0개 (OSM only),2026,0,True,False,공간 레이어 연결 수이며 독립적 사실 확인 수가 아님
OSM_E_318699979_e55b14903a,1,수치지형도,1개,2022;2025;2026,4,True,False,공간 레이어 연결 수이며 독립적 사실 확인 수가 아님
OSM_E_318699989_800f059ee2,0,,0개 (OSM only),2026,0,True,False,공간 레이어 연결 수이며 독립적 사실 확인 수가 아님
OSM_E_318699994_06bc3d73f0,3,공공 횡단보도;수치지형도;정사영상,3개 이상,2022;2025;2026,4,True,False,공간 레이어 연결 수이며 독립적 사실 확인 수가 아님
OSM_E_318699994_17e31cb39b,0,,0개 (OSM only),2026,0,True,False,공간 레이어 연결 수이며 독립적 사실 확인 수가 아님
OSM_E_318699994_7e88334f11,0,,0개 (OSM only),2026,0,True,False,공간 레이어 연결 수이며 독립적 사실 확인 수가 아님
OSM_E_318699994_911471cbfa,0,,0개 (OSM only),2026,0,True,False,공간 레이어 연결 수이며 독립적 사실 확인 수가 아님
OSM_E_318699994_d53a101ad3,0,,0개 (OSM only),2026,0,True,False,공간 레이어 연결 수이며 독립적 사실 확인 수가 아님
OSM_E_318699995-318699998-685069353_3958fc4f58,2,공공 횡단보도;정사영상,2개,2025;2026,1,True,False,공간 레이어 연결 수이며 독립적 사실 확인 수가 아님
OSM_E_318699997_00078dfcff,0,,0개 (OSM only),2026,0,True,False,공간 레이어 연결 수이며 독립적 사실 확인 수가 아님
OSM_E_318699997_32f773d2fa,0,,0개 (OSM only),2026,0,True,False,공간 레이어 연결 수이며 독립적 사실 확인 수가 아님
OSM_E_318699997_d3ba568d7a,0,,0개 (OSM only),2026,0,True,False,공간 레이어 연결 수이며 독립적 사실 확인 수가 아님
OSM_E_318699997_d4358e9136,0,,0개 (OSM only),2026,0,True,False,공간 레이어 연결 수이며 독립적 사실 확인 수가 아님
OSM_E_318699997_ee8a30bade,3,공공 횡단보도;수치지형도;정사영상,3개 이상,2022;2025;2026,4,True,False,공간 레이어 연결 수이며 독립적 사실 확인 수가 아님
OSM_E_318699999-318700001-318700003_0c5665bcb7,0,,0개 (OSM only),2026,0,True,False,공간 레이어 연결 수이며 독립적 사실 확인 수가 아님
OSM_E_318700000-318700001_64280217e1,0,,0개 (OSM only),2026,0,True,False,공간 레이어 연결 수이며 독립적 사실 확인 수가 아님
OSM_E_318700000_3a42ad78af,1,수치지형도,1개,2022;2025;2026,4,True,False,공간 레이어 연결 수이며 독립적 사실 확인 수가 아님
OSM_E_318700001_967f0a0f0c,2,공공 횡단보도;정사영상,2개,2025;2026,1,True,False,공간 레이어 연결 수이며 독립적 사실 확인 수가 아님
OSM_E_318729195_bfa63f789b,0,,0개 (OSM only),2026,0,True,False,공간 레이어 연결 수이며 독립적 사실 확인 수가 아님
OSM_E_318729204_80493379bb,0,,0개 (OSM only),2026,0,True,False,공간 레이어 연결 수이며 독립적 사실 확인 수가 아님
OSM_E_318729219_88b63f0910,0,,0개 (OSM only),2026,0,True,False,공간 레이어 연결 수이며 독립적 사실 확인 수가 아님
OSM_E_318729219_cb6f16a3ed,1,수치지형도,1개,2022;2026,4,True,False,공간 레이어 연결 수이며 독립적 사실 확인 수가 아님
OSM_E_318729248_045ce77b13,3,공공 횡단보도;수치지형도;정사영상,3개 이상,2022;2025;2026,4,True,False,공간 레이어 연결 수이며 독립적 사실 확인 수가 아님
OSM_E_318729248_16b854febf,1,수치지형도,1개,2022;2026,4,True,False,공간 레이어 연결 수이며 독립적 사실 확인 수가 아님
OSM_E_318729248_181795ae88,0,,0개 (OSM only),2026,0,True,False,공간 레이어 연결 수이며 독립적 사실 확인 수가 아님
OSM_E_318729248_3100c66ab9,0,,0개 (OSM only),2026,0,True,False,공간 레이어 연결 수이며 독립적 사실 확인 수가 아님
OSM_E_318729248_354a2129f3,0,,0개 (OSM only),2026,0,True,False,공간 레이어 연결 수이며 독립적 사실 확인 수가 아님
OSM_E_318729248_3a257e8552,0,,0개 (OSM only),2026,0,True,False,공간 레이어 연결 수이며 독립적 사실 확인 수가 아님
OSM_E_318729248_3e52ffab14,3,공공 횡단보도;수치지형도;정사영상,3개 이상,2022;2025;2026,4,True,False,공간 레이어 연결 수이며 독립적 사실 확인 수가 아님
OSM_E_318729248_41eb74d9df,1,수치지형도,1개,2022;2026,4,True,False,공간 레이어 연결 수이며 독립적 사실 확인 수가 아님
OSM_E_318729248_47ad1d7792,2,공공 횡단보도;정사영상,2개,2025;2026,1,True,False,공간 레이어 연결 수이며 독립적 사실 확인 수가 아님
OSM_E_318729248_55ce74e2ab,0,,0개 (OSM only),2026,0,True,False,공간 레이어 연결 수이며 독립적 사실 확인 수가 아님
OSM_E_318729248_5f18d1f3fe,0,,0개 (OSM only),2026,0,True,False,공간 레이어 연결 수이며 독립적 사실 확인 수가 아님
OSM_E_318729248_62043fbbc3,2,공공 횡단보도;정사영상,2개,2025;2026,1,True,False,공간 레이어 연결 수이며 독립적 사실 확인 수가 아님
OSM_E_318729248_6a7f6ebf2a,3,공공 횡단보도;수치지형도;정사영상,3개 이상,2022;2025;2026,4,True,False,공간 레이어 연결 수이며 독립적 사실 확인 수가 아님
OSM_E_318729248_b357d71fcb,2,공공 횡단보도;정사영상,2개,2025;2026,1,True,False,공간 레이어 연결 수이며 독립적 사실 확인 수가 아님
OSM_E_318729248_b9f7c3b029,0,,0개 (OSM only),2026,0,True,False,공간 레이어 연결 수이며 독립적 사실 확인 수가 아님
OSM_E_318729248_d7731ecdc2,0,,0개 (OSM only),2026,0,True,False,공간 레이어 연결 수이며 독립적 사실 확인 수가 아님
OSM_E_318729248_ecb9034ebc,3,공공 횡단보도;수치지형도;정사영상,3개 이상,2022;2025;2026,4,True,False,공간 레이어 연결 수이며 독립적 사실 확인 수가 아님
OSM_E_318729248_f0f0d4e630,0,,0개 (OSM only),2026,0,True,False,공간 레이어 연결 수이며 독립적 사실 확인 수가 아님
OSM_E_318729248_f20d8d353a,2,공공 횡단보도;정사영상,2개,2025;2026,1,True,False,공간 레이어 연결 수이며 독립적 사실 확인 수가 아님
OSM_E_318729248_f596336f57,0,,0개 (OSM only),2026,0,True,False,공간 레이어 연결 수이며 독립적 사실 확인 수가 아님
OSM_E_318729248_f74a29f5f0,2,공공 횡단보도;정사영상,2개,2025;2026,1,True,False,공간 레이어 연결 수이며 독립적 사실 확인 수가 아님
OSM_E_318729249_7861f37896,0,,0개 (OSM only),2026,0,True,False,공간 레이어 연결 수이며 독립적 사실 확인 수가 아님
OSM_E_318729249_c6c456b17f,0,,0개 (OSM only),2026,0,True,False,공간 레이어 연결 수이며 독립적 사실 확인 수가 아님
OSM_E_318729250_1df78f77cc,0,,0개 (OSM only),2026,0,True,False,공간 레이어 연결 수이며 독립적 사실 확인 수가 아님
OSM_E_318729250_1f4624d41f,0,,0개 (OSM only),2026,0,True,False,공간 레이어 연결 수이며 독립적 사실 확인 수가 아님
OSM_E_318729250_5f6768ec1c,0,,0개 (OSM only),2026,0,True,False,공간 레이어 연결 수이며 독립적 사실 확인 수가 아님
OSM_E_318729251_54d2060f39,0,,0개 (OSM only),2026,0,True,False,공간 레이어 연결 수이며 독립적 사실 확인 수가 아님
OSM_E_318729251_8573095be3,0,,0개 (OSM only),2026,0,True,False,공간 레이어 연결 수이며 독립적 사실 확인 수가 아님
OSM_E_318729251_8e7e63229a,0,,0개 (OSM only),2026,0,True,False,공간 레이어 연결 수이며 독립적 사실 확인 수가 아님
OSM_E_318729252_8bd87e0cae,0,,0개 (OSM only),2026,0,True,False,공간 레이어 연결 수이며 독립적 사실 확인 수가 아님
OSM_E_318729252_a70d060557,0,,0개 (OSM only),2026,0,True,False,공간 레이어 연결 수이며 독립적 사실 확인 수가 아님
OSM_E_378310197-927236593_137e1e5cbf,3,공공 횡단보도;수치지형도;정사영상,3개 이상,2022;2025;2026,4,True,False,공간 레이어 연결 수이며 독립적 사실 확인 수가 아님
OSM_E_378310197_17ecd71dc0,3,공공 횡단보도;수치지형도;정사영상,3개 이상,2022;2025;2026,4,True,False,공간 레이어 연결 수이며 독립적 사실 확인 수가 아님
OSM_E_378310197_fa81ab5b84,0,,0개 (OSM only),2026,0,True,False,공간 레이어 연결 수이며 독립적 사실 확인 수가 아님
OSM_E_378310198-927236594_9ffd5b5364,1,수치지형도,1개,2025;2026,1,True,False,공간 레이어 연결 수이며 독립적 사실 확인 수가 아님
OSM_E_378310198_62769ccba5,0,,0개 (OSM only),2026,0,True,False,공간 레이어 연결 수이며 독립적 사실 확인 수가 아님
OSM_E_378310198_6ae00e0158,0,,0개 (OSM only),2026,0,True,False,공간 레이어 연결 수이며 독립적 사실 확인 수가 아님
OSM_E_378310198_7e1984c4b3,0,,0개 (OSM only),2026,0,True,False,공간 레이어 연결 수이며 독립적 사실 확인 수가 아님
OSM_E_378310202_cf618aa29e,3,공공 횡단보도;수치지형도;정사영상,3개 이상,2025;2026,1,True,False,공간 레이어 연결 수이며 독립적 사실 확인 수가 아님
OSM_E_379897516_c95c5767ee,1,수치지형도,1개,2025;2026,1,True,False,공간 레이어 연결 수이며 독립적 사실 확인 수가 아님
OSM_E_379897520_b6fff10f0f,0,,0개 (OSM only),2026,0,True,False,공간 레이어 연결 수이며 독립적 사실 확인 수가 아님
OSM_E_379897521_acfe0619ed,0,,0개 (OSM only),2026,0,True,False,공간 레이어 연결 수이며 독립적 사실 확인 수가 아님
OSM_E_379897522_06ace678c9,0,,0개 (OSM only),2026,0,True,False,공간 레이어 연결 수이며 독립적 사실 확인 수가 아님
OSM_E_379897522_243be4c5c2,0,,0개 (OSM only),2026,0,True,False,공간 레이어 연결 수이며 독립적 사실 확인 수가 아님
OSM_E_379897522_b58ed55f80,0,,0개 (OSM only),2026,0,True,False,공간 레이어 연결 수이며 독립적 사실 확인 수가 아님
OSM_E_379897525_ab41e2b8ec,0,,0개 (OSM only),2026,0,True,False,공간 레이어 연결 수이며 독립적 사실 확인 수가 아님
OSM_E_379904040_1d7be2ad9f,2,공공 횡단보도;정사영상,2개,2025;2026,1,True,False,공간 레이어 연결 수이며 독립적 사실 확인 수가 아님
OSM_E_379904040_f339637c86,0,,0개 (OSM only),2026,0,True,False,공간 레이어 연결 수이며 독립적 사실 확인 수가 아님
OSM_E_379904041_59d77a2214,2,공공 횡단보도;정사영상,2개,2025;2026,1,True,False,공간 레이어 연결 수이며 독립적 사실 확인 수가 아님
OSM_E_379904041_f2929aec1e,0,,0개 (OSM only),2026,0,True,False,공간 레이어 연결 수이며 독립적 사실 확인 수가 아님
OSM_E_379904042_0c176fb4e3,3,공공 횡단보도;수치지형도;정사영상,3개 이상,2025;2026,1,True,False,공간 레이어 연결 수이며 독립적 사실 확인 수가 아님
OSM_E_379904042_29ac90b779,1,수치지형도,1개,2025;2026,1,True,False,공간 레이어 연결 수이며 독립적 사실 확인 수가 아님
OSM_E_379904042_3f77b2a835,1,수치지형도,1개,2025;2026,1,True,False,공간 레이어 연결 수이며 독립적 사실 확인 수가 아님
OSM_E_379904042_41257d65af,3,공공 횡단보도;수치지형도;정사영상,3개 이상,2025;2026,1,True,False,공간 레이어 연결 수이며 독립적 사실 확인 수가 아님
OSM_E_379904043_5c179cf6dc,3,공공 횡단보도;수치지형도;정사영상,3개 이상,2025;2026,1,True,False,공간 레이어 연결 수이며 독립적 사실 확인 수가 아님
OSM_E_379904043_776a865af5,0,,0개 (OSM only),2026,0,True,False,공간 레이어 연결 수이며 독립적 사실 확인 수가 아님
OSM_E_379904043_a08a8fbd62,0,,0개 (OSM only),2026,0,True,False,공간 레이어 연결 수이며 독립적 사실 확인 수가 아님
OSM_E_379904043_ac9e6fceb0,0,,0개 (OSM only),2026,0,True,False,공간 레이어 연결 수이며 독립적 사실 확인 수가 아님
OSM_E_379904043_b3e3cafb12,3,공공 횡단보도;수치지형도;정사영상,3개 이상,2025;2026,1,True,False,공간 레이어 연결 수이며 독립적 사실 확인 수가 아님
OSM_E_379904043_b9cab2abeb,0,,0개 (OSM only),2026,0,True,False,공간 레이어 연결 수이며 독립적 사실 확인 수가 아님
OSM_E_379904043_cc5e488961,3,공공 횡단보도;수치지형도;정사영상,3개 이상,2025;2026,1,True,False,공간 레이어 연결 수이며 독립적 사실 확인 수가 아님
OSM_E_379904043_d1b70ed6a3,0,,0개 (OSM only),2026,0,True,False,공간 레이어 연결 수이며 독립적 사실 확인 수가 아님
OSM_E_379904044_67e00c47d5,0,,0개 (OSM only),2026,0,True,False,공간 레이어 연결 수이며 독립적 사실 확인 수가 아님
OSM_E_379904044_bb6a577160,0,,0개 (OSM only),2026,0,True,False,공간 레이어 연결 수이며 독립적 사실 확인 수가 아님
OSM_E_379904045_c04dc0496e,2,공공 횡단보도;정사영상,2개,2025;2026,1,True,False,공간 레이어 연결 수이며 독립적 사실 확인 수가 아님
OSM_E_379904045_f920d1cca4,2,공공 횡단보도;정사영상,2개,2025;2026,1,True,False,공간 레이어 연결 수이며 독립적 사실 확인 수가 아님
OSM_E_379904046_2b0a4b5ad1,2,공공 횡단보도;정사영상,2개,2025;2026,1,True,False,공간 레이어 연결 수이며 독립적 사실 확인 수가 아님
OSM_E_379904046_a01f0249cd,0,,0개 (OSM only),2026,0,True,False,공간 레이어 연결 수이며 독립적 사실 확인 수가 아님
OSM_E_379904048_22cfb60cee,0,,0개 (OSM only),2026,0,True,False,공간 레이어 연결 수이며 독립적 사실 확인 수가 아님
OSM_E_379904048_3f98fa5e74,0,,0개 (OSM only),2026,0,True,False,공간 레이어 연결 수이며 독립적 사실 확인 수가 아님
OSM_E_379904048_f686efb3cf,0,,0개 (OSM only),2026,0,True,False,공간 레이어 연결 수이며 독립적 사실 확인 수가 아님
OSM_E_379904049_418f1442b2,2,공공 횡단보도;정사영상,2개,2025;2026,1,True,False,공간 레이어 연결 수이며 독립적 사실 확인 수가 아님
OSM_E_379904050_58d3532b9b,2,공공 횡단보도;정사영상,2개,2025;2026,1,True,False,공간 레이어 연결 수이며 독립적 사실 확인 수가 아님
OSM_E_379904055_d0cd1f0846,0,,0개 (OSM only),2026,0,True,False,공간 레이어 연결 수이며 독립적 사실 확인 수가 아님
OSM_E_379904066_b76b13ac6e,3,공공 횡단보도;수치지형도;정사영상,3개 이상,2025;2026,1,True,False,공간 레이어 연결 수이며 독립적 사실 확인 수가 아님
OSM_E_379904071_44f503fc86,1,HD Map,1개,2023;2026,3,True,False,공간 레이어 연결 수이며 독립적 사실 확인 수가 아님
OSM_E_379904071_5e7d7197bb,0,,0개 (OSM only),2026,0,True,False,공간 레이어 연결 수이며 독립적 사실 확인 수가 아님
OSM_E_379904071_9c3b7fea56,0,,0개 (OSM only),2026,0,True,False,공간 레이어 연결 수이며 독립적 사실 확인 수가 아님
OSM_E_379904071_cf037e639f,0,,0개 (OSM only),2026,0,True,False,공간 레이어 연결 수이며 독립적 사실 확인 수가 아님
OSM_E_379904072_0c66b54eba,0,,0개 (OSM only),2026,0,True,False,공간 레이어 연결 수이며 독립적 사실 확인 수가 아님
OSM_E_379904072_1c76f13d3f,2,공공 횡단보도;정사영상,2개,2025;2026,1,True,False,공간 레이어 연결 수이며 독립적 사실 확인 수가 아님
OSM_E_379904072_684776a3ce,0,,0개 (OSM only),2026,0,True,False,공간 레이어 연결 수이며 독립적 사실 확인 수가 아님
OSM_E_379904072_bc8cc74975,4,HD Map;공공 횡단보도;수치지형도;정사영상,3개 이상,2023;2025;2026,3,True,False,공간 레이어 연결 수이며 독립적 사실 확인 수가 아님
OSM_E_379904073_9581b7b371,1,수치지형도,1개,2025;2026,1,True,False,공간 레이어 연결 수이며 독립적 사실 확인 수가 아님
OSM_E_379904074_4bb202e178,0,,0개 (OSM only),2026,0,True,False,공간 레이어 연결 수이며 독립적 사실 확인 수가 아님
OSM_E_379904074_7c2321a550,0,,0개 (OSM only),2026,0,True,False,공간 레이어 연결 수이며 독립적 사실 확인 수가 아님
OSM_E_379904074_ae46466842,0,,0개 (OSM only),2026,0,True,False,공간 레이어 연결 수이며 독립적 사실 확인 수가 아님
OSM_E_379904074_efe84b4a52,2,공공 횡단보도;정사영상,2개,2025;2026,1,True,False,공간 레이어 연결 수이며 독립적 사실 확인 수가 아님
OSM_E_379904076_25b3062e6c,0,,0개 (OSM only),2026,0,True,False,공간 레이어 연결 수이며 독립적 사실 확인 수가 아님
OSM_E_379904076_b3423ec25d,0,,0개 (OSM only),2026,0,True,False,공간 레이어 연결 수이며 독립적 사실 확인 수가 아님
OSM_E_379904076_d7b7ffbfb7,0,,0개 (OSM only),2026,0,True,False,공간 레이어 연결 수이며 독립적 사실 확인 수가 아님
OSM_E_379904077_938c04aa5c,0,,0개 (OSM only),2026,0,True,False,공간 레이어 연결 수이며 독립적 사실 확인 수가 아님
OSM_E_379904078_2019fa76f5,0,,0개 (OSM only),2026,0,True,False,공간 레이어 연결 수이며 독립적 사실 확인 수가 아님
OSM_E_379904078_6a27899884,0,,0개 (OSM only),2026,0,True,False,공간 레이어 연결 수이며 독립적 사실 확인 수가 아님
OSM_E_379904078_7526a67426,1,수치지형도,1개,2025;2026,1,True,False,공간 레이어 연결 수이며 독립적 사실 확인 수가 아님
OSM_E_379904078_90108bc478,3,HD Map;공공 횡단보도;정사영상,3개 이상,2023;2025;2026,3,True,False,공간 레이어 연결 수이며 독립적 사실 확인 수가 아님
OSM_E_379904078_ca581f2435,0,,0개 (OSM only),2026,0,True,False,공간 레이어 연결 수이며 독립적 사실 확인 수가 아님
OSM_E_379904078_dcddc772b6,1,수치지형도,1개,2025;2026,1,True,False,공간 레이어 연결 수이며 독립적 사실 확인 수가 아님
OSM_E_379904080_226d603131,0,,0개 (OSM only),2026,0,True,False,공간 레이어 연결 수이며 독립적 사실 확인 수가 아님
OSM_E_379904080_3d9514b302,0,,0개 (OSM only),2026,0,True,False,공간 레이어 연결 수이며 독립적 사실 확인 수가 아님
OSM_E_379904080_4b0b93b48f,0,,0개 (OSM only),2026,0,True,False,공간 레이어 연결 수이며 독립적 사실 확인 수가 아님
OSM_E_379904080_64ab29ebe4,0,,0개 (OSM only),2026,0,True,False,공간 레이어 연결 수이며 독립적 사실 확인 수가 아님
OSM_E_379904080_cc833d1c36,1,수치지형도,1개,2022;2026,4,True,False,공간 레이어 연결 수이며 독립적 사실 확인 수가 아님
OSM_E_379904080_e87ac0d7e5,2,공공 횡단보도;정사영상,2개,2025;2026,1,True,False,공간 레이어 연결 수이며 독립적 사실 확인 수가 아님
OSM_E_379904080_f4fc2a050c,1,수치지형도,1개,2022;2025;2026,4,True,False,공간 레이어 연결 수이며 독립적 사실 확인 수가 아님
OSM_E_379904081_f65a8c7594,4,HD Map;공공 횡단보도;수치지형도;정사영상,3개 이상,2023;2025;2026,3,True,False,공간 레이어 연결 수이며 독립적 사실 확인 수가 아님
OSM_E_379904082_97b71355ca,0,,0개 (OSM only),2026,0,True,False,공간 레이어 연결 수이며 독립적 사실 확인 수가 아님
OSM_E_379904083_3d06c9dd48,0,,0개 (OSM only),2026,0,True,False,공간 레이어 연결 수이며 독립적 사실 확인 수가 아님
OSM_E_379904083_dc03a3564a,0,,0개 (OSM only),2026,0,True,False,공간 레이어 연결 수이며 독립적 사실 확인 수가 아님
OSM_E_379904084_0a80ba13bf,0,,0개 (OSM only),2026,0,True,False,공간 레이어 연결 수이며 독립적 사실 확인 수가 아님
OSM_E_379904084_3b23417c1b,0,,0개 (OSM only),2026,0,True,False,공간 레이어 연결 수이며 독립적 사실 확인 수가 아님
OSM_E_379904084_b7d2e87cdf,0,,0개 (OSM only),2026,0,True,False,공간 레이어 연결 수이며 독립적 사실 확인 수가 아님
OSM_E_379904085_ee8f27f904,0,,0개 (OSM only),2026,0,True,False,공간 레이어 연결 수이며 독립적 사실 확인 수가 아님
OSM_E_379904087_a143e04563,0,,0개 (OSM only),2026,0,True,False,공간 레이어 연결 수이며 독립적 사실 확인 수가 아님
OSM_E_379904087_d91cdb87b4,0,,0개 (OSM only),2026,0,True,False,공간 레이어 연결 수이며 독립적 사실 확인 수가 아님
OSM_E_379904087_f53c6a8d7d,0,,0개 (OSM only),2026,0,True,False,공간 레이어 연결 수이며 독립적 사실 확인 수가 아님
OSM_E_379904088_5b3c1e2c16,0,,0개 (OSM only),2026,0,True,False,공간 레이어 연결 수이며 독립적 사실 확인 수가 아님
OSM_E_379904088_f01ce6aa99,0,,0개 (OSM only),2026,0,True,False,공간 레이어 연결 수이며 독립적 사실 확인 수가 아님
OSM_E_380035860_b66a9449c8,2,공공 횡단보도;정사영상,2개,2025;2026,1,True,False,공간 레이어 연결 수이며 독립적 사실 확인 수가 아님
OSM_E_380035883_73671180a2,0,,0개 (OSM only),2026,0,True,False,공간 레이어 연결 수이며 독립적 사실 확인 수가 아님
OSM_E_380035883_d630a6348c,0,,0개 (OSM only),2026,0,True,False,공간 레이어 연결 수이며 독립적 사실 확인 수가 아님
OSM_E_380035883_e5cada0b8f,0,,0개 (OSM only),2026,0,True,False,공간 레이어 연결 수이며 독립적 사실 확인 수가 아님
OSM_E_380035883_e8c9067638,0,,0개 (OSM only),2026,0,True,False,공간 레이어 연결 수이며 독립적 사실 확인 수가 아님
OSM_E_380035883_f72bf9a1e2,0,,0개 (OSM only),2026,0,True,False,공간 레이어 연결 수이며 독립적 사실 확인 수가 아님
OSM_E_380035884_c15f212eea,2,공공 횡단보도;정사영상,2개,2025;2026,1,True,False,공간 레이어 연결 수이며 독립적 사실 확인 수가 아님
OSM_E_380035885_09cb6fc409,0,,0개 (OSM only),2026,0,True,False,공간 레이어 연결 수이며 독립적 사실 확인 수가 아님
OSM_E_380035885_a06618037a,0,,0개 (OSM only),2026,0,True,False,공간 레이어 연결 수이며 독립적 사실 확인 수가 아님
OSM_E_380035885_a0fec7f076,0,,0개 (OSM only),2026,0,True,False,공간 레이어 연결 수이며 독립적 사실 확인 수가 아님
OSM_E_380035885_af1539d70c,0,,0개 (OSM only),2026,0,True,False,공간 레이어 연결 수이며 독립적 사실 확인 수가 아님
OSM_E_380035886_1a65ca067b,0,,0개 (OSM only),2026,0,True,False,공간 레이어 연결 수이며 독립적 사실 확인 수가 아님
OSM_E_380035886_7ccc400a6e,0,,0개 (OSM only),2026,0,True,False,공간 레이어 연결 수이며 독립적 사실 확인 수가 아님
OSM_E_380035887_123720bebf,0,,0개 (OSM only),2026,0,True,False,공간 레이어 연결 수이며 독립적 사실 확인 수가 아님
OSM_E_380035888_c8f72f947b,0,,0개 (OSM only),2026,0,True,False,공간 레이어 연결 수이며 독립적 사실 확인 수가 아님
OSM_E_380035889_864bee804d,0,,0개 (OSM only),2026,0,True,False,공간 레이어 연결 수이며 독립적 사실 확인 수가 아님
OSM_E_380035890_2eeb096c72,0,,0개 (OSM only),2026,0,True,False,공간 레이어 연결 수이며 독립적 사실 확인 수가 아님
OSM_E_380035890_49f511a678,2,공공 횡단보도;정사영상,2개,2025;2026,1,True,False,공간 레이어 연결 수이며 독립적 사실 확인 수가 아님
OSM_E_380035890_65563bc049,0,,0개 (OSM only),2026,0,True,False,공간 레이어 연결 수이며 독립적 사실 확인 수가 아님
OSM_E_380035891_061f709a9d,0,,0개 (OSM only),2026,0,True,False,공간 레이어 연결 수이며 독립적 사실 확인 수가 아님
OSM_E_380035892_81edbb03e0,0,,0개 (OSM only),2026,0,True,False,공간 레이어 연결 수이며 독립적 사실 확인 수가 아님
OSM_E_380035892_ccd7d1e04c,0,,0개 (OSM only),2026,0,True,False,공간 레이어 연결 수이며 독립적 사실 확인 수가 아님
OSM_E_380035892_eba835cb5e,0,,0개 (OSM only),2026,0,True,False,공간 레이어 연결 수이며 독립적 사실 확인 수가 아님
OSM_E_380035893_ea1f55aafa,0,,0개 (OSM only),2026,0,True,False,공간 레이어 연결 수이며 독립적 사실 확인 수가 아님
OSM_E_380035894_fa9dfc7228,0,,0개 (OSM only),2026,0,True,False,공간 레이어 연결 수이며 독립적 사실 확인 수가 아님
OSM_E_380035895_802064c80a,0,,0개 (OSM only),2026,0,True,False,공간 레이어 연결 수이며 독립적 사실 확인 수가 아님
OSM_E_380035896_158eabfbb1,0,,0개 (OSM only),2026,0,True,False,공간 레이어 연결 수이며 독립적 사실 확인 수가 아님
OSM_E_380035896_536c68467c,0,,0개 (OSM only),2026,0,True,False,공간 레이어 연결 수이며 독립적 사실 확인 수가 아님
OSM_E_380035896_8ea1bd46e3,0,,0개 (OSM only),2026,0,True,False,공간 레이어 연결 수이며 독립적 사실 확인 수가 아님
OSM_E_380035897_deeb7f8663,0,,0개 (OSM only),2026,0,True,False,공간 레이어 연결 수이며 독립적 사실 확인 수가 아님
OSM_E_380035897_e4a38871a4,0,,0개 (OSM only),2026,0,True,False,공간 레이어 연결 수이며 독립적 사실 확인 수가 아님
OSM_E_380035898_f32937e49c,0,,0개 (OSM only),2026,0,True,False,공간 레이어 연결 수이며 독립적 사실 확인 수가 아님
OSM_E_380063835_2aa01178e2,0,,0개 (OSM only),2026,0,True,False,공간 레이어 연결 수이며 독립적 사실 확인 수가 아님
OSM_E_380063835_4f69189bad,0,,0개 (OSM only),2026,0,True,False,공간 레이어 연결 수이며 독립적 사실 확인 수가 아님
OSM_E_380063835_8cf900688d,0,,0개 (OSM only),2026,0,True,False,공간 레이어 연결 수이며 독립적 사실 확인 수가 아님
OSM_E_380063835_cb56070ef4,0,,0개 (OSM only),2026,0,True,False,공간 레이어 연결 수이며 독립적 사실 확인 수가 아님
OSM_E_380063836_abec22df8f,0,,0개 (OSM only),2026,0,True,False,공간 레이어 연결 수이며 독립적 사실 확인 수가 아님
OSM_E_380063836_d9baa68cdb,0,,0개 (OSM only),2026,0,True,False,공간 레이어 연결 수이며 독립적 사실 확인 수가 아님
OSM_E_380063837_eb6e6204ac,0,,0개 (OSM only),2026,0,True,False,공간 레이어 연결 수이며 독립적 사실 확인 수가 아님
OSM_E_380063838_203fbb3ff2,0,,0개 (OSM only),2026,0,True,False,공간 레이어 연결 수이며 독립적 사실 확인 수가 아님
OSM_E_380063838_c42ce79e0a,0,,0개 (OSM only),2026,0,True,False,공간 레이어 연결 수이며 독립적 사실 확인 수가 아님
OSM_E_380063838_e6c95c83ce,0,,0개 (OSM only),2026,0,True,False,공간 레이어 연결 수이며 독립적 사실 확인 수가 아님
OSM_E_380063839_30943f6d96,0,,0개 (OSM only),2026,0,True,False,공간 레이어 연결 수이며 독립적 사실 확인 수가 아님
OSM_E_380063839_4e95567cc2,0,,0개 (OSM only),2026,0,True,False,공간 레이어 연결 수이며 독립적 사실 확인 수가 아님
OSM_E_380063839_6c2026feea,0,,0개 (OSM only),2026,0,True,False,공간 레이어 연결 수이며 독립적 사실 확인 수가 아님
OSM_E_380063839_a166e6502f,0,,0개 (OSM only),2026,0,True,False,공간 레이어 연결 수이며 독립적 사실 확인 수가 아님
OSM_E_380063839_a40f722823,0,,0개 (OSM only),2026,0,True,False,공간 레이어 연결 수이며 독립적 사실 확인 수가 아님
OSM_E_380063840_9023886f0a,0,,0개 (OSM only),2026,0,True,False,공간 레이어 연결 수이며 독립적 사실 확인 수가 아님
OSM_E_380063841_07c3b9f867,3,공공 횡단보도;수치지형도;정사영상,3개 이상,2022;2025;2026,4,True,False,공간 레이어 연결 수이며 독립적 사실 확인 수가 아님
OSM_E_380063841_363103ddc7,0,,0개 (OSM only),2026,0,True,False,공간 레이어 연결 수이며 독립적 사실 확인 수가 아님
OSM_E_380063841_b035f69dd4,1,수치지형도,1개,2022;2025;2026,4,True,False,공간 레이어 연결 수이며 독립적 사실 확인 수가 아님
OSM_E_380063842_bf4f1c13d1,0,,0개 (OSM only),2026,0,True,False,공간 레이어 연결 수이며 독립적 사실 확인 수가 아님
OSM_E_380073428_6cedf6aaf3,0,,0개 (OSM only),2026,0,True,False,공간 레이어 연결 수이며 독립적 사실 확인 수가 아님
OSM_E_380073428_a25686faf1,0,,0개 (OSM only),2026,0,True,False,공간 레이어 연결 수이며 독립적 사실 확인 수가 아님
OSM_E_380073428_ddadf224fd,0,,0개 (OSM only),2026,0,True,False,공간 레이어 연결 수이며 독립적 사실 확인 수가 아님
OSM_E_380073429_218d93b83a,2,공공 횡단보도;정사영상,2개,2025;2026,1,True,False,공간 레이어 연결 수이며 독립적 사실 확인 수가 아님
OSM_E_380073429_4c80fb03dd,0,,0개 (OSM only),2026,0,True,False,공간 레이어 연결 수이며 독립적 사실 확인 수가 아님
OSM_E_380073430_f34f94e0a7,0,,0개 (OSM only),2026,0,True,False,공간 레이어 연결 수이며 독립적 사실 확인 수가 아님
OSM_E_380073430_f75e2c329b,0,,0개 (OSM only),2026,0,True,False,공간 레이어 연결 수이며 독립적 사실 확인 수가 아님
OSM_E_380073431_0948bd050c,0,,0개 (OSM only),2026,0,True,False,공간 레이어 연결 수이며 독립적 사실 확인 수가 아님
OSM_E_380073431_1837e8064d,0,,0개 (OSM only),2026,0,True,False,공간 레이어 연결 수이며 독립적 사실 확인 수가 아님
OSM_E_380073431_236e60963e,0,,0개 (OSM only),2026,0,True,False,공간 레이어 연결 수이며 독립적 사실 확인 수가 아님
OSM_E_380073431_88f76a28df,2,공공 횡단보도;정사영상,2개,2025;2026,1,True,False,공간 레이어 연결 수이며 독립적 사실 확인 수가 아님
OSM_E_380073432_3ca24f03f5,0,,0개 (OSM only),2026,0,True,False,공간 레이어 연결 수이며 독립적 사실 확인 수가 아님
OSM_E_380073433_8671a35e40,0,,0개 (OSM only),2026,0,True,False,공간 레이어 연결 수이며 독립적 사실 확인 수가 아님
OSM_E_380073433_b6c31fc506,0,,0개 (OSM only),2026,0,True,False,공간 레이어 연결 수이며 독립적 사실 확인 수가 아님
OSM_E_380073434_0b44260a30,0,,0개 (OSM only),2026,0,True,False,공간 레이어 연결 수이며 독립적 사실 확인 수가 아님
OSM_E_380073434_dcf7545a31,0,,0개 (OSM only),2026,0,True,False,공간 레이어 연결 수이며 독립적 사실 확인 수가 아님
OSM_E_380073435_6aba2e407b,0,,0개 (OSM only),2026,0,True,False,공간 레이어 연결 수이며 독립적 사실 확인 수가 아님
OSM_E_380073436_1eb4eebd29,0,,0개 (OSM only),2026,0,True,False,공간 레이어 연결 수이며 독립적 사실 확인 수가 아님
OSM_E_380073436_3324c2b32e,0,,0개 (OSM only),2026,0,True,False,공간 레이어 연결 수이며 독립적 사실 확인 수가 아님
OSM_E_380073436_9b1a00f64a,0,,0개 (OSM only),2026,0,True,False,공간 레이어 연결 수이며 독립적 사실 확인 수가 아님
OSM_E_380073436_a8f80bb324,0,,0개 (OSM only),2026,0,True,False,공간 레이어 연결 수이며 독립적 사실 확인 수가 아님
OSM_E_380073437_18739dd040,0,,0개 (OSM only),2026,0,True,False,공간 레이어 연결 수이며 독립적 사실 확인 수가 아님
OSM_E_380073437_585dcd4e77,0,,0개 (OSM only),2026,0,True,False,공간 레이어 연결 수이며 독립적 사실 확인 수가 아님
OSM_E_380073437_b7e43440fd,0,,0개 (OSM only),2026,0,True,False,공간 레이어 연결 수이며 독립적 사실 확인 수가 아님
OSM_E_380073437_ed36baf8c6,0,,0개 (OSM only),2026,0,True,False,공간 레이어 연결 수이며 독립적 사실 확인 수가 아님
OSM_E_380073438_17a321dfe5,0,,0개 (OSM only),2026,0,True,False,공간 레이어 연결 수이며 독립적 사실 확인 수가 아님
OSM_E_380073438_9040e4bb65,0,,0개 (OSM only),2026,0,True,False,공간 레이어 연결 수이며 독립적 사실 확인 수가 아님
OSM_E_380073438_9cfc5e1cc0,0,,0개 (OSM only),2026,0,True,False,공간 레이어 연결 수이며 독립적 사실 확인 수가 아님
OSM_E_380073439_1f60ffee86,3,공공 횡단보도;수치지형도;정사영상,3개 이상,2022;2025;2026,4,True,False,공간 레이어 연결 수이며 독립적 사실 확인 수가 아님
OSM_E_380073439_773e6e4917,0,,0개 (OSM only),2026,0,True,False,공간 레이어 연결 수이며 독립적 사실 확인 수가 아님
OSM_E_380073440_1025eae4d9,0,,0개 (OSM only),2026,0,True,False,공간 레이어 연결 수이며 독립적 사실 확인 수가 아님
OSM_E_380073441_a6687fcd9d,0,,0개 (OSM only),2026,0,True,False,공간 레이어 연결 수이며 독립적 사실 확인 수가 아님
OSM_E_380073442_2bfd4accfb,1,수치지형도,1개,2022;2025;2026,4,True,False,공간 레이어 연결 수이며 독립적 사실 확인 수가 아님
OSM_E_380073442_548ccff9c1,1,수치지형도,1개,2022;2025;2026,4,True,False,공간 레이어 연결 수이며 독립적 사실 확인 수가 아님
OSM_E_380073442_6c87628fe1,1,수치지형도,1개,2022;2025;2026,4,True,False,공간 레이어 연결 수이며 독립적 사실 확인 수가 아님
OSM_E_380073443_22579d3fcb,3,공공 횡단보도;수치지형도;정사영상,3개 이상,2022;2025;2026,4,True,False,공간 레이어 연결 수이며 독립적 사실 확인 수가 아님
OSM_E_380073443_a595264f2a,1,수치지형도,1개,2022;2025;2026,4,True,False,공간 레이어 연결 수이며 독립적 사실 확인 수가 아님
OSM_E_380073444-380073445-863717799_3ae02c420e,2,공공 횡단보도;정사영상,2개,2025;2026,1,True,False,공간 레이어 연결 수이며 독립적 사실 확인 수가 아님
OSM_E_380073445_613e9e9d6d,3,공공 횡단보도;수치지형도;정사영상,3개 이상,2022;2025;2026,4,True,False,공간 레이어 연결 수이며 독립적 사실 확인 수가 아님
OSM_E_380073446_847d57a0aa,0,,0개 (OSM only),2026,0,True,False,공간 레이어 연결 수이며 독립적 사실 확인 수가 아님
OSM_E_380073446_e0ffe27941,0,,0개 (OSM only),2026,0,True,False,공간 레이어 연결 수이며 독립적 사실 확인 수가 아님
OSM_E_380073450_2672808b57,0,,0개 (OSM only),2026,0,True,False,공간 레이어 연결 수이며 독립적 사실 확인 수가 아님
OSM_E_380073450_31824906cb,1,수치지형도,1개,2022;2025;2026,4,True,False,공간 레이어 연결 수이며 독립적 사실 확인 수가 아님
OSM_E_380073453-1417194735_6a53df3c32,3,공공 횡단보도;수치지형도;정사영상,3개 이상,2022;2025;2026,4,True,False,공간 레이어 연결 수이며 독립적 사실 확인 수가 아님
OSM_E_380073459_5175ea2ed1,3,공공 횡단보도;수치지형도;정사영상,3개 이상,2022;2025;2026,4,True,False,공간 레이어 연결 수이며 독립적 사실 확인 수가 아님
OSM_E_380073459_e8800b9e86,3,공공 횡단보도;수치지형도;정사영상,3개 이상,2022;2025;2026,4,True,False,공간 레이어 연결 수이며 독립적 사실 확인 수가 아님
OSM_E_380073462_65ea80ab8d,3,공공 횡단보도;수치지형도;정사영상,3개 이상,2022;2025;2026,4,True,False,공간 레이어 연결 수이며 독립적 사실 확인 수가 아님
OSM_E_380184679_97bf648a32,3,공공 횡단보도;수치지형도;정사영상,3개 이상,2022;2025;2026,4,True,False,공간 레이어 연결 수이며 독립적 사실 확인 수가 아님
OSM_E_380184680_343701c1df,3,공공 횡단보도;수치지형도;정사영상,3개 이상,2022;2025;2026,4,True,False,공간 레이어 연결 수이며 독립적 사실 확인 수가 아님
OSM_E_380184681-837321097_1e3e748951,0,,0개 (OSM only),2026,0,True,False,공간 레이어 연결 수이며 독립적 사실 확인 수가 아님
OSM_E_380184681_d31ec1cff8,1,수치지형도,1개,2022;2025;2026,4,True,False,공간 레이어 연결 수이며 독립적 사실 확인 수가 아님
OSM_E_380184682_134e52f788,0,,0개 (OSM only),2026,0,True,False,공간 레이어 연결 수이며 독립적 사실 확인 수가 아님
OSM_E_380184682_8c07d69d61,1,수치지형도,1개,2022;2025;2026,4,True,False,공간 레이어 연결 수이며 독립적 사실 확인 수가 아님
OSM_E_380184682_9c7c063f42,1,수치지형도,1개,2022;2026,4,True,False,공간 레이어 연결 수이며 독립적 사실 확인 수가 아님
OSM_E_380184682_b0cd27b32e,1,수치지형도,1개,2022;2026,4,True,False,공간 레이어 연결 수이며 독립적 사실 확인 수가 아님
OSM_E_380188854_94bf2ab410,3,공공 횡단보도;수치지형도;정사영상,3개 이상,2022;2025;2026,4,True,False,공간 레이어 연결 수이며 독립적 사실 확인 수가 아님
OSM_E_380188857_732afc434e,3,공공 횡단보도;수치지형도;정사영상,3개 이상,2022;2025;2026,4,True,False,공간 레이어 연결 수이며 독립적 사실 확인 수가 아님
OSM_E_380188857_927b6bf099,1,수치지형도,1개,2022;2025;2026,4,True,False,공간 레이어 연결 수이며 독립적 사실 확인 수가 아님
OSM_E_380188872_ab174b4d9a,0,,0개 (OSM only),2026,0,True,False,공간 레이어 연결 수이며 독립적 사실 확인 수가 아님
OSM_E_380188872_e2885a0492,0,,0개 (OSM only),2026,0,True,False,공간 레이어 연결 수이며 독립적 사실 확인 수가 아님
OSM_E_380188882_40136e9bcc,0,,0개 (OSM only),2026,0,True,False,공간 레이어 연결 수이며 독립적 사실 확인 수가 아님
OSM_E_380188882_55c9c40edc,0,,0개 (OSM only),2026,0,True,False,공간 레이어 연결 수이며 독립적 사실 확인 수가 아님
OSM_E_380188894_18106949ac,0,,0개 (OSM only),2026,0,True,False,공간 레이어 연결 수이며 독립적 사실 확인 수가 아님
OSM_E_380188894_5c53fb1346,0,,0개 (OSM only),2026,0,True,False,공간 레이어 연결 수이며 독립적 사실 확인 수가 아님
OSM_E_380188894_cba5dbdd4a,0,,0개 (OSM only),2026,0,True,False,공간 레이어 연결 수이며 독립적 사실 확인 수가 아님
OSM_E_380188894_dc2784a823,3,공공 횡단보도;수치지형도;정사영상,3개 이상,2022;2025;2026,4,True,False,공간 레이어 연결 수이며 독립적 사실 확인 수가 아님
OSM_E_380188895_bb6207cb3f,0,,0개 (OSM only),2026,0,True,False,공간 레이어 연결 수이며 독립적 사실 확인 수가 아님
OSM_E_380188895_e06d61b955,0,,0개 (OSM only),2026,0,True,False,공간 레이어 연결 수이며 독립적 사실 확인 수가 아님
OSM_E_380188895_eb6a60216c,0,,0개 (OSM only),2026,0,True,False,공간 레이어 연결 수이며 독립적 사실 확인 수가 아님
OSM_E_380188895_f7842487cf,0,,0개 (OSM only),2026,0,True,False,공간 레이어 연결 수이며 독립적 사실 확인 수가 아님
OSM_E_380188896_baa0c848c9,0,,0개 (OSM only),2026,0,True,False,공간 레이어 연결 수이며 독립적 사실 확인 수가 아님
OSM_E_380188898_cfbadce1ca,0,,0개 (OSM only),2026,0,True,False,공간 레이어 연결 수이며 독립적 사실 확인 수가 아님
OSM_E_380188899_b21d1ba8b9,0,,0개 (OSM only),2026,0,True,False,공간 레이어 연결 수이며 독립적 사실 확인 수가 아님
OSM_E_380188900_4cfb32d34a,0,,0개 (OSM only),2026,0,True,False,공간 레이어 연결 수이며 독립적 사실 확인 수가 아님
OSM_E_380194322_5a689b96d7,0,,0개 (OSM only),2026,0,True,False,공간 레이어 연결 수이며 독립적 사실 확인 수가 아님
OSM_E_380194325_839d453cdb,0,,0개 (OSM only),2026,0,True,False,공간 레이어 연결 수이며 독립적 사실 확인 수가 아님
OSM_E_380194914_668d24ec90,3,공공 횡단보도;수치지형도;정사영상,3개 이상,2022;2025;2026,4,True,False,공간 레이어 연결 수이며 독립적 사실 확인 수가 아님
OSM_E_380194918_b3c58d2501,3,공공 횡단보도;수치지형도;정사영상,3개 이상,2022;2025;2026,4,True,False,공간 레이어 연결 수이며 독립적 사실 확인 수가 아님
OSM_E_380194921_0c3836c32c,3,공공 횡단보도;수치지형도;정사영상,3개 이상,2022;2025;2026,4,True,False,공간 레이어 연결 수이며 독립적 사실 확인 수가 아님
OSM_E_380194922_e00ee2ab58,1,수치지형도,1개,2025;2026,1,True,False,공간 레이어 연결 수이며 독립적 사실 확인 수가 아님
OSM_E_380698409_5059255537,1,수치지형도,1개,2022;2025;2026,4,True,False,공간 레이어 연결 수이며 독립적 사실 확인 수가 아님
OSM_E_380698410-998463208-998463209_e489d5ee5f,1,수치지형도,1개,2022;2025;2026,4,True,False,공간 레이어 연결 수이며 독립적 사실 확인 수가 아님
OSM_E_380698412_186c73ca79,2,공공 횡단보도;정사영상,2개,2025;2026,1,True,False,공간 레이어 연결 수이며 독립적 사실 확인 수가 아님
OSM_E_380698412_3c9b499ae5,3,공공 횡단보도;수치지형도;정사영상,3개 이상,2022;2025;2026,4,True,False,공간 레이어 연결 수이며 독립적 사실 확인 수가 아님
OSM_E_380698412_85d577c47b,3,공공 횡단보도;수치지형도;정사영상,3개 이상,2022;2025;2026,4,True,False,공간 레이어 연결 수이며 독립적 사실 확인 수가 아님
OSM_E_380698412_b96e30250e,0,,0개 (OSM only),2026,0,True,False,공간 레이어 연결 수이며 독립적 사실 확인 수가 아님
OSM_E_380698412_d9c65eba82,2,공공 횡단보도;정사영상,2개,2025;2026,1,True,False,공간 레이어 연결 수이며 독립적 사실 확인 수가 아님
OSM_E_381203802_8eb77083da,3,공공 횡단보도;수치지형도;정사영상,3개 이상,2025;2026,1,True,False,공간 레이어 연결 수이며 독립적 사실 확인 수가 아님
OSM_E_381203803_0e352c64cd,3,공공 횡단보도;수치지형도;정사영상,3개 이상,2025;2026,1,True,False,공간 레이어 연결 수이며 독립적 사실 확인 수가 아님
OSM_E_381203805_292e56ecaa,3,공공 횡단보도;수치지형도;정사영상,3개 이상,2022;2025;2026,4,True,False,공간 레이어 연결 수이며 독립적 사실 확인 수가 아님
OSM_E_38608979_b554f15cda,2,공공 횡단보도;정사영상,2개,2025;2026,1,True,False,공간 레이어 연결 수이며 독립적 사실 확인 수가 아님
OSM_E_38608979_fd36dcaaf4,0,,0개 (OSM only),2026,0,True,False,공간 레이어 연결 수이며 독립적 사실 확인 수가 아님
OSM_E_38608981_00704d217f,2,공공 횡단보도;정사영상,2개,2025;2026,1,True,False,공간 레이어 연결 수이며 독립적 사실 확인 수가 아님
OSM_E_38608991_1e8d7dc38c,0,,0개 (OSM only),2026,0,True,False,공간 레이어 연결 수이며 독립적 사실 확인 수가 아님
OSM_E_38608991_24b68eae76,0,,0개 (OSM only),2026,0,True,False,공간 레이어 연결 수이며 독립적 사실 확인 수가 아님
OSM_E_38608991_7d2a129e51,0,,0개 (OSM only),2026,0,True,False,공간 레이어 연결 수이며 독립적 사실 확인 수가 아님
OSM_E_38608991_8eebbe6b67,0,,0개 (OSM only),2026,0,True,False,공간 레이어 연결 수이며 독립적 사실 확인 수가 아님
OSM_E_38608991_be20bf35d4,0,,0개 (OSM only),2026,0,True,False,공간 레이어 연결 수이며 독립적 사실 확인 수가 아님
OSM_E_38608991_d4b0141023,0,,0개 (OSM only),2026,0,True,False,공간 레이어 연결 수이며 독립적 사실 확인 수가 아님
OSM_E_38608991_e7b0c12447,1,수치지형도,1개,2022;2025;2026,4,True,False,공간 레이어 연결 수이며 독립적 사실 확인 수가 아님
OSM_E_38608993_19bca7a6bb,0,,0개 (OSM only),2026,0,True,False,공간 레이어 연결 수이며 독립적 사실 확인 수가 아님
OSM_E_38608993_8a4caa252d,0,,0개 (OSM only),2026,0,True,False,공간 레이어 연결 수이며 독립적 사실 확인 수가 아님
OSM_E_38608993_cddf33700d,0,,0개 (OSM only),2026,0,True,False,공간 레이어 연결 수이며 독립적 사실 확인 수가 아님
OSM_E_38608993_e10ff01fd5,0,,0개 (OSM only),2026,0,True,False,공간 레이어 연결 수이며 독립적 사실 확인 수가 아님
OSM_E_38608994_29f6d491cf,0,,0개 (OSM only),2026,0,True,False,공간 레이어 연결 수이며 독립적 사실 확인 수가 아님
OSM_E_38608994_5015b67c16,0,,0개 (OSM only),2026,0,True,False,공간 레이어 연결 수이며 독립적 사실 확인 수가 아님
OSM_E_38608994_e414b3e4f4,0,,0개 (OSM only),2026,0,True,False,공간 레이어 연결 수이며 독립적 사실 확인 수가 아님
OSM_E_38609001_186a05d57e,0,,0개 (OSM only),2026,0,True,False,공간 레이어 연결 수이며 독립적 사실 확인 수가 아님
OSM_E_38609001_28bb14bc18,0,,0개 (OSM only),2026,0,True,False,공간 레이어 연결 수이며 독립적 사실 확인 수가 아님
OSM_E_38609001_e1d363c217,0,,0개 (OSM only),2026,0,True,False,공간 레이어 연결 수이며 독립적 사실 확인 수가 아님
OSM_E_38609094_10bfe58df0,0,,0개 (OSM only),2026,0,True,False,공간 레이어 연결 수이며 독립적 사실 확인 수가 아님
OSM_E_38609094_a77144a139,0,,0개 (OSM only),2026,0,True,False,공간 레이어 연결 수이며 독립적 사실 확인 수가 아님
OSM_E_38609097_0e310cdf45,2,공공 횡단보도;정사영상,2개,2025;2026,1,True,False,공간 레이어 연결 수이며 독립적 사실 확인 수가 아님
OSM_E_38609097_326dc2af0c,3,공공 횡단보도;수치지형도;정사영상,3개 이상,2022;2025;2026,4,True,False,공간 레이어 연결 수이며 독립적 사실 확인 수가 아님
OSM_E_38609097_33cd607ee6,0,,0개 (OSM only),2026,0,True,False,공간 레이어 연결 수이며 독립적 사실 확인 수가 아님
OSM_E_38609097_9893769d40,2,공공 횡단보도;정사영상,2개,2025;2026,1,True,False,공간 레이어 연결 수이며 독립적 사실 확인 수가 아님
OSM_E_38609097_9f191ff09b,2,공공 횡단보도;정사영상,2개,2025;2026,1,True,False,공간 레이어 연결 수이며 독립적 사실 확인 수가 아님
OSM_E_38609097_9fdc599159,2,공공 횡단보도;정사영상,2개,2025;2026,1,True,False,공간 레이어 연결 수이며 독립적 사실 확인 수가 아님
OSM_E_38609097_a7e7da570f,2,공공 횡단보도;정사영상,2개,2025;2026,1,True,False,공간 레이어 연결 수이며 독립적 사실 확인 수가 아님
OSM_E_38609097_b2769c0b4c,2,공공 횡단보도;정사영상,2개,2025;2026,1,True,False,공간 레이어 연결 수이며 독립적 사실 확인 수가 아님
OSM_E_38609097_c3df6eaf42,2,공공 횡단보도;정사영상,2개,2025;2026,1,True,False,공간 레이어 연결 수이며 독립적 사실 확인 수가 아님
OSM_E_38609097_cb0ee00a20,2,공공 횡단보도;정사영상,2개,2025;2026,1,True,False,공간 레이어 연결 수이며 독립적 사실 확인 수가 아님
OSM_E_38609097_d79a3f04fb,2,공공 횡단보도;정사영상,2개,2025;2026,1,True,False,공간 레이어 연결 수이며 독립적 사실 확인 수가 아님
OSM_E_38609097_dd12985ca5,0,,0개 (OSM only),2026,0,True,False,공간 레이어 연결 수이며 독립적 사실 확인 수가 아님
OSM_E_38609097_de92314e80,1,수치지형도,1개,2025;2026,1,True,False,공간 레이어 연결 수이며 독립적 사실 확인 수가 아님
OSM_E_38609097_eaa60c85ce,3,공공 횡단보도;수치지형도;정사영상,3개 이상,2022;2025;2026,4,True,False,공간 레이어 연결 수이며 독립적 사실 확인 수가 아님
OSM_E_38609097_ecc23eb95e,3,공공 횡단보도;수치지형도;정사영상,3개 이상,2025;2026,1,True,False,공간 레이어 연결 수이며 독립적 사실 확인 수가 아님
OSM_E_38609097_eec54396ac,0,,0개 (OSM only),2026,0,True,False,공간 레이어 연결 수이며 독립적 사실 확인 수가 아님
OSM_E_38609193_1d4020e7fb,3,HD Map;공공 횡단보도;정사영상,3개 이상,2023;2025;2026,3,True,False,공간 레이어 연결 수이며 독립적 사실 확인 수가 아님
OSM_E_38609193_25b59a8fe8,2,공공 횡단보도;정사영상,2개,2025;2026,1,True,False,공간 레이어 연결 수이며 독립적 사실 확인 수가 아님
OSM_E_38609193_287d084ab2,0,,0개 (OSM only),2026,0,True,False,공간 레이어 연결 수이며 독립적 사실 확인 수가 아님
OSM_E_38609193_35971933d3,2,공공 횡단보도;정사영상,2개,2025;2026,1,True,False,공간 레이어 연결 수이며 독립적 사실 확인 수가 아님
OSM_E_38609193_76bdb7009f,3,HD Map;공공 횡단보도;정사영상,3개 이상,2023;2025;2026,3,True,False,공간 레이어 연결 수이며 독립적 사실 확인 수가 아님
OSM_E_38609193_8dbd554482,2,공공 횡단보도;정사영상,2개,2025;2026,1,True,False,공간 레이어 연결 수이며 독립적 사실 확인 수가 아님
OSM_E_38609193_a8090a6516,0,,0개 (OSM only),2026,0,True,False,공간 레이어 연결 수이며 독립적 사실 확인 수가 아님
OSM_E_38609193_b431ea2ef8,0,,0개 (OSM only),2026,0,True,False,공간 레이어 연결 수이며 독립적 사실 확인 수가 아님
OSM_E_38609193_c4706d2a2b,2,공공 횡단보도;정사영상,2개,2025;2026,1,True,False,공간 레이어 연결 수이며 독립적 사실 확인 수가 아님
OSM_E_38609193_cac60686d8,0,,0개 (OSM only),2026,0,True,False,공간 레이어 연결 수이며 독립적 사실 확인 수가 아님
OSM_E_38609193_cf0ab8d61b,0,,0개 (OSM only),2026,0,True,False,공간 레이어 연결 수이며 독립적 사실 확인 수가 아님
OSM_E_38609212_0d23a93480,0,,0개 (OSM only),2026,0,True,False,공간 레이어 연결 수이며 독립적 사실 확인 수가 아님
OSM_E_38609212_2ad0d9392b,0,,0개 (OSM only),2026,0,True,False,공간 레이어 연결 수이며 독립적 사실 확인 수가 아님
OSM_E_38609212_3ec02c3637,2,공공 횡단보도;정사영상,2개,2025;2026,1,True,False,공간 레이어 연결 수이며 독립적 사실 확인 수가 아님
OSM_E_38609212_9c63dfe7fb,3,HD Map;공공 횡단보도;정사영상,3개 이상,2023;2025;2026,3,True,False,공간 레이어 연결 수이며 독립적 사실 확인 수가 아님
OSM_E_38609212_9c8cd402d5,2,공공 횡단보도;정사영상,2개,2025;2026,1,True,False,공간 레이어 연결 수이며 독립적 사실 확인 수가 아님
OSM_E_38609212_b91ebb3637,2,공공 횡단보도;정사영상,2개,2025;2026,1,True,False,공간 레이어 연결 수이며 독립적 사실 확인 수가 아님
OSM_E_38609212_e537583772,3,HD Map;공공 횡단보도;정사영상,3개 이상,2023;2025;2026,3,True,False,공간 레이어 연결 수이며 독립적 사실 확인 수가 아님
OSM_E_38609230_077fa5839e,3,공공 횡단보도;수치지형도;정사영상,3개 이상,2025;2026,1,True,False,공간 레이어 연결 수이며 독립적 사실 확인 수가 아님
OSM_E_38609230_4f746fe5e4,0,,0개 (OSM only),2026,0,True,False,공간 레이어 연결 수이며 독립적 사실 확인 수가 아님
OSM_E_38609230_d25a5cf1d6,0,,0개 (OSM only),2026,0,True,False,공간 레이어 연결 수이며 독립적 사실 확인 수가 아님
OSM_E_38609231_0774353b46,0,,0개 (OSM only),2026,0,True,False,공간 레이어 연결 수이며 독립적 사실 확인 수가 아님
OSM_E_38609231_d063deb7ec,0,,0개 (OSM only),2026,0,True,False,공간 레이어 연결 수이며 독립적 사실 확인 수가 아님
OSM_E_38609253_24bd57796e,0,,0개 (OSM only),2026,0,True,False,공간 레이어 연결 수이며 독립적 사실 확인 수가 아님
OSM_E_38609253_287e687b2c,0,,0개 (OSM only),2026,0,True,False,공간 레이어 연결 수이며 독립적 사실 확인 수가 아님
OSM_E_38609253_d679095511,0,,0개 (OSM only),2026,0,True,False,공간 레이어 연결 수이며 독립적 사실 확인 수가 아님
OSM_E_38609253_e2d86b37f3,3,공공 횡단보도;수치지형도;정사영상,3개 이상,2022;2025;2026,4,True,False,공간 레이어 연결 수이며 독립적 사실 확인 수가 아님
OSM_E_38609292_00d0421666,2,공공 횡단보도;정사영상,2개,2025;2026,1,True,False,공간 레이어 연결 수이며 독립적 사실 확인 수가 아님
OSM_E_38609292_2420573fa1,2,공공 횡단보도;정사영상,2개,2025;2026,1,True,False,공간 레이어 연결 수이며 독립적 사실 확인 수가 아님
OSM_E_38609292_26cdb11ffe,2,공공 횡단보도;정사영상,2개,2025;2026,1,True,False,공간 레이어 연결 수이며 독립적 사실 확인 수가 아님
OSM_E_38609292_46dcae4cce,2,공공 횡단보도;정사영상,2개,2025;2026,1,True,False,공간 레이어 연결 수이며 독립적 사실 확인 수가 아님
OSM_E_38609292_5ee0b36cc3,2,공공 횡단보도;정사영상,2개,2025;2026,1,True,False,공간 레이어 연결 수이며 독립적 사실 확인 수가 아님
OSM_E_38609292_67e47a46a0,0,,0개 (OSM only),2026,0,True,False,공간 레이어 연결 수이며 독립적 사실 확인 수가 아님
OSM_E_38609292_9c6e0d9769,2,공공 횡단보도;정사영상,2개,2025;2026,1,True,False,공간 레이어 연결 수이며 독립적 사실 확인 수가 아님
OSM_E_38609292_a2dc1451de,0,,0개 (OSM only),2026,0,True,False,공간 레이어 연결 수이며 독립적 사실 확인 수가 아님
OSM_E_38609292_a39d5994bc,2,공공 횡단보도;정사영상,2개,2025;2026,1,True,False,공간 레이어 연결 수이며 독립적 사실 확인 수가 아님
OSM_E_38609292_c6b3245ae4,2,공공 횡단보도;정사영상,2개,2025;2026,1,True,False,공간 레이어 연결 수이며 독립적 사실 확인 수가 아님
OSM_E_38609292_f79299ea48,0,,0개 (OSM only),2026,0,True,False,공간 레이어 연결 수이며 독립적 사실 확인 수가 아님
OSM_E_38609292_fd96901b07,2,공공 횡단보도;정사영상,2개,2025;2026,1,True,False,공간 레이어 연결 수이며 독립적 사실 확인 수가 아님
OSM_E_38609292_fdaa2bee7e,2,공공 횡단보도;정사영상,2개,2025;2026,1,True,False,공간 레이어 연결 수이며 독립적 사실 확인 수가 아님
OSM_E_38609408_55e57bcfa8,3,공공 횡단보도;수치지형도;정사영상,3개 이상,2022;2025;2026,4,True,False,공간 레이어 연결 수이며 독립적 사실 확인 수가 아님
OSM_E_38609408_7a2fdc501b,0,,0개 (OSM only),2026,0,True,False,공간 레이어 연결 수이며 독립적 사실 확인 수가 아님
OSM_E_38609408_805d08ce89,2,공공 횡단보도;정사영상,2개,2025;2026,1,True,False,공간 레이어 연결 수이며 독립적 사실 확인 수가 아님
OSM_E_38609408_86a52fcf94,3,공공 횡단보도;수치지형도;정사영상,3개 이상,2022;2025;2026,4,True,False,공간 레이어 연결 수이며 독립적 사실 확인 수가 아님
OSM_E_38609408_b27393be54,3,공공 횡단보도;수치지형도;정사영상,3개 이상,2022;2025;2026,4,True,False,공간 레이어 연결 수이며 독립적 사실 확인 수가 아님
OSM_E_38609408_bcd6e4b0ab,0,,0개 (OSM only),2026,0,True,False,공간 레이어 연결 수이며 독립적 사실 확인 수가 아님
OSM_E_38609408_c9bd1fb90c,0,,0개 (OSM only),2026,0,True,False,공간 레이어 연결 수이며 독립적 사실 확인 수가 아님
OSM_E_38609408_f068e9c4d0,2,공공 횡단보도;정사영상,2개,2025;2026,1,True,False,공간 레이어 연결 수이며 독립적 사실 확인 수가 아님
OSM_E_38609547_40c76e3ab4,3,공공 횡단보도;수치지형도;정사영상,3개 이상,2022;2025;2026,4,True,False,공간 레이어 연결 수이며 독립적 사실 확인 수가 아님
OSM_E_38609547_602e845a5e,0,,0개 (OSM only),2026,0,True,False,공간 레이어 연결 수이며 독립적 사실 확인 수가 아님
OSM_E_38609547_97edfbd93f,2,공공 횡단보도;정사영상,2개,2025;2026,1,True,False,공간 레이어 연결 수이며 독립적 사실 확인 수가 아님
OSM_E_469912229_8e17621d08,0,,0개 (OSM only),2026,0,True,False,공간 레이어 연결 수이며 독립적 사실 확인 수가 아님
OSM_E_469912229_b119f0c048,0,,0개 (OSM only),2026,0,True,False,공간 레이어 연결 수이며 독립적 사실 확인 수가 아님
OSM_E_469912229_b2a08d315e,0,,0개 (OSM only),2026,0,True,False,공간 레이어 연결 수이며 독립적 사실 확인 수가 아님
OSM_E_469912229_b5acb42ac1,1,수치지형도,1개,2022;2025;2026,4,True,False,공간 레이어 연결 수이며 독립적 사실 확인 수가 아님
OSM_E_469912229_b5de858b2d,0,,0개 (OSM only),2026,0,True,False,공간 레이어 연결 수이며 독립적 사실 확인 수가 아님
OSM_E_469912230-969817606_8db6e62378,1,수치지형도,1개,2022;2025;2026,4,True,False,공간 레이어 연결 수이며 독립적 사실 확인 수가 아님
OSM_E_469912230_084e034f5a,0,,0개 (OSM only),2026,0,True,False,공간 레이어 연결 수이며 독립적 사실 확인 수가 아님
OSM_E_469912230_0ef8ba0a67,0,,0개 (OSM only),2026,0,True,False,공간 레이어 연결 수이며 독립적 사실 확인 수가 아님
OSM_E_469912230_14ff4714f2,1,수치지형도,1개,2022;2025;2026,4,True,False,공간 레이어 연결 수이며 독립적 사실 확인 수가 아님
OSM_E_469912230_804c1372ea,0,,0개 (OSM only),2026,0,True,False,공간 레이어 연결 수이며 독립적 사실 확인 수가 아님
OSM_E_469912230_a6106b2fe5,0,,0개 (OSM only),2026,0,True,False,공간 레이어 연결 수이며 독립적 사실 확인 수가 아님
OSM_E_469912232_40c3f79080,0,,0개 (OSM only),2026,0,True,False,공간 레이어 연결 수이며 독립적 사실 확인 수가 아님
OSM_E_469912232_79d2715372,0,,0개 (OSM only),2026,0,True,False,공간 레이어 연결 수이며 독립적 사실 확인 수가 아님
OSM_E_469912232_9248566176,0,,0개 (OSM only),2026,0,True,False,공간 레이어 연결 수이며 독립적 사실 확인 수가 아님
OSM_E_469912232_ba4fbe80ed,0,,0개 (OSM only),2026,0,True,False,공간 레이어 연결 수이며 독립적 사실 확인 수가 아님
OSM_E_469912232_c5de905252,0,,0개 (OSM only),2026,0,True,False,공간 레이어 연결 수이며 독립적 사실 확인 수가 아님
OSM_E_469912233_4ab34530e8,1,수치지형도,1개,2022;2025;2026,4,True,False,공간 레이어 연결 수이며 독립적 사실 확인 수가 아님
OSM_E_469912233_d8baa4eae8,0,,0개 (OSM only),2026,0,True,False,공간 레이어 연결 수이며 독립적 사실 확인 수가 아님
OSM_E_469912235_b11df4e46f,0,,0개 (OSM only),2026,0,True,False,공간 레이어 연결 수이며 독립적 사실 확인 수가 아님
OSM_E_469912235_edc1f8bead,0,,0개 (OSM only),2026,0,True,False,공간 레이어 연결 수이며 독립적 사실 확인 수가 아님
OSM_E_471928256_767ea72f33,2,공공 횡단보도;정사영상,2개,2025;2026,1,True,False,공간 레이어 연결 수이며 독립적 사실 확인 수가 아님
OSM_E_471932226_423d66525d,1,수치지형도,1개,2025;2026,1,True,False,공간 레이어 연결 수이며 독립적 사실 확인 수가 아님
OSM_E_472055677_0b10159498,3,공공 횡단보도;수치지형도;정사영상,3개 이상,2025;2026,1,True,False,공간 레이어 연결 수이며 독립적 사실 확인 수가 아님
OSM_E_472055677_1b0ff8ab2b,0,,0개 (OSM only),2026,0,True,False,공간 레이어 연결 수이며 독립적 사실 확인 수가 아님
OSM_E_472055677_3b652036f4,0,,0개 (OSM only),2026,0,True,False,공간 레이어 연결 수이며 독립적 사실 확인 수가 아님
OSM_E_472055677_bbae52af22,0,,0개 (OSM only),2026,0,True,False,공간 레이어 연결 수이며 독립적 사실 확인 수가 아님
OSM_E_472057866_c79d935086,1,수치지형도,1개,2025;2026,1,True,False,공간 레이어 연결 수이며 독립적 사실 확인 수가 아님
OSM_E_475755505_1e520fe9cf,0,,0개 (OSM only),2026,0,True,False,공간 레이어 연결 수이며 독립적 사실 확인 수가 아님
OSM_E_475755505_296e4d4c7c,3,공공 횡단보도;수치지형도;정사영상,3개 이상,2022;2025;2026,4,True,False,공간 레이어 연결 수이며 독립적 사실 확인 수가 아님
OSM_E_475755505_66f69ddb50,3,공공 횡단보도;수치지형도;정사영상,3개 이상,2025;2026,1,True,False,공간 레이어 연결 수이며 독립적 사실 확인 수가 아님
OSM_E_475755505_764677daf6,3,공공 횡단보도;수치지형도;정사영상,3개 이상,2025;2026,1,True,False,공간 레이어 연결 수이며 독립적 사실 확인 수가 아님
OSM_E_475755505_eac146f9af,3,공공 횡단보도;수치지형도;정사영상,3개 이상,2022;2025;2026,4,True,False,공간 레이어 연결 수이며 독립적 사실 확인 수가 아님
OSM_E_481148746_8492f47ef5,2,공공 횡단보도;정사영상,2개,2025;2026,1,True,False,공간 레이어 연결 수이며 독립적 사실 확인 수가 아님
OSM_E_481148746_bc27551d28,3,공공 횡단보도;수치지형도;정사영상,3개 이상,2025;2026,1,True,False,공간 레이어 연결 수이며 독립적 사실 확인 수가 아님
OSM_E_481148746_d88caa7016,2,공공 횡단보도;정사영상,2개,2025;2026,1,True,False,공간 레이어 연결 수이며 독립적 사실 확인 수가 아님
OSM_E_484348850_d12ea5bb0b,3,공공 횡단보도;수치지형도;정사영상,3개 이상,2022;2025;2026,4,True,False,공간 레이어 연결 수이며 독립적 사실 확인 수가 아님
OSM_E_484348855_531f024474,0,,0개 (OSM only),2026,0,True,False,공간 레이어 연결 수이며 독립적 사실 확인 수가 아님
OSM_E_484348855_c9174578ad,0,,0개 (OSM only),2026,0,True,False,공간 레이어 연결 수이며 독립적 사실 확인 수가 아님
OSM_E_484348859_6565c1939a,2,공공 횡단보도;정사영상,2개,2025;2026,1,True,False,공간 레이어 연결 수이며 독립적 사실 확인 수가 아님
OSM_E_484348859_b60304af85,1,수치지형도,1개,2025;2026,1,True,False,공간 레이어 연결 수이며 독립적 사실 확인 수가 아님
OSM_E_484348860-878652553_4a1f7f0fdd,0,,0개 (OSM only),2026,0,True,False,공간 레이어 연결 수이며 독립적 사실 확인 수가 아님
OSM_E_484348862_dc4ccb6d8f,0,,0개 (OSM only),2026,0,True,False,공간 레이어 연결 수이며 독립적 사실 확인 수가 아님
OSM_E_484348863_206321961d,0,,0개 (OSM only),2026,0,True,False,공간 레이어 연결 수이며 독립적 사실 확인 수가 아님
OSM_E_484348863_2d14b3d65c,0,,0개 (OSM only),2026,0,True,False,공간 레이어 연결 수이며 독립적 사실 확인 수가 아님
OSM_E_484348863_2e390b1eda,0,,0개 (OSM only),2026,0,True,False,공간 레이어 연결 수이며 독립적 사실 확인 수가 아님
OSM_E_484348863_a8590a4e5e,0,,0개 (OSM only),2026,0,True,False,공간 레이어 연결 수이며 독립적 사실 확인 수가 아님
OSM_E_484348863_c9c475b900,0,,0개 (OSM only),2026,0,True,False,공간 레이어 연결 수이며 독립적 사실 확인 수가 아님
OSM_E_484348867_1c2e6fbba4,0,,0개 (OSM only),2026,0,True,False,공간 레이어 연결 수이며 독립적 사실 확인 수가 아님
OSM_E_484348867_4c029d011e,0,,0개 (OSM only),2026,0,True,False,공간 레이어 연결 수이며 독립적 사실 확인 수가 아님
OSM_E_484348867_501ff2491d,0,,0개 (OSM only),2026,0,True,False,공간 레이어 연결 수이며 독립적 사실 확인 수가 아님
OSM_E_484348867_9aae4a9965,0,,0개 (OSM only),2026,0,True,False,공간 레이어 연결 수이며 독립적 사실 확인 수가 아님
OSM_E_484348867_ac2b9d0b81,0,,0개 (OSM only),2026,0,True,False,공간 레이어 연결 수이며 독립적 사실 확인 수가 아님
OSM_E_484356348_5df231f5b4,0,,0개 (OSM only),2026,0,True,False,공간 레이어 연결 수이며 독립적 사실 확인 수가 아님
OSM_E_484356349_28e9cefde5,2,공공 횡단보도;정사영상,2개,2025;2026,1,True,False,공간 레이어 연결 수이며 독립적 사실 확인 수가 아님
OSM_E_499414489-499414490-810367557_999add9fc5,2,공공 횡단보도;정사영상,2개,2025;2026,1,True,False,공간 레이어 연결 수이며 독립적 사실 확인 수가 아님
OSM_E_554922640_8845d2e769,0,,0개 (OSM only),2026,0,True,False,공간 레이어 연결 수이며 독립적 사실 확인 수가 아님
OSM_E_554922641_a8723f5041,0,,0개 (OSM only),2026,0,True,False,공간 레이어 연결 수이며 독립적 사실 확인 수가 아님
OSM_E_554922641_e192d19f17,0,,0개 (OSM only),2026,0,True,False,공간 레이어 연결 수이며 독립적 사실 확인 수가 아님
OSM_E_576208626_0a81b71f83,0,,0개 (OSM only),2026,0,True,False,공간 레이어 연결 수이며 독립적 사실 확인 수가 아님
OSM_E_576208626_205945545a,0,,0개 (OSM only),2026,0,True,False,공간 레이어 연결 수이며 독립적 사실 확인 수가 아님
OSM_E_576208626_5d940fc362,3,HD Map;공공 횡단보도;정사영상,3개 이상,2023;2025;2026,3,True,False,공간 레이어 연결 수이며 독립적 사실 확인 수가 아님
OSM_E_576208626_7a33cf563c,0,,0개 (OSM only),2026,0,True,False,공간 레이어 연결 수이며 독립적 사실 확인 수가 아님
OSM_E_576208626_915707d9e2,3,HD Map;공공 횡단보도;정사영상,3개 이상,2023;2025;2026,3,True,False,공간 레이어 연결 수이며 독립적 사실 확인 수가 아님
OSM_E_576208626_b1685e4b88,3,HD Map;공공 횡단보도;정사영상,3개 이상,2023;2025;2026,3,True,False,공간 레이어 연결 수이며 독립적 사실 확인 수가 아님
OSM_E_576208626_b9774731bc,0,,0개 (OSM only),2026,0,True,False,공간 레이어 연결 수이며 독립적 사실 확인 수가 아님
OSM_E_576208626_cede4e9eaa,1,HD Map,1개,2023;2026,3,True,False,공간 레이어 연결 수이며 독립적 사실 확인 수가 아님
OSM_E_576208626_ceeb2b74f8,3,HD Map;공공 횡단보도;정사영상,3개 이상,2023;2025;2026,3,True,False,공간 레이어 연결 수이며 독립적 사실 확인 수가 아님
OSM_E_589960556_35a0432f7c,3,공공 횡단보도;수치지형도;정사영상,3개 이상,2022;2025;2026,4,True,False,공간 레이어 연결 수이며 독립적 사실 확인 수가 아님
OSM_E_589960556_382d7f5430,3,공공 횡단보도;수치지형도;정사영상,3개 이상,2022;2025;2026,4,True,False,공간 레이어 연결 수이며 독립적 사실 확인 수가 아님
OSM_E_589960556_842b978522,3,공공 횡단보도;수치지형도;정사영상,3개 이상,2022;2025;2026,4,True,False,공간 레이어 연결 수이며 독립적 사실 확인 수가 아님
OSM_E_589960556_92626e3562,3,공공 횡단보도;수치지형도;정사영상,3개 이상,2022;2025;2026,4,True,False,공간 레이어 연결 수이며 독립적 사실 확인 수가 아님
OSM_E_589960556_e5a527b34f,3,공공 횡단보도;수치지형도;정사영상,3개 이상,2022;2025;2026,4,True,False,공간 레이어 연결 수이며 독립적 사실 확인 수가 아님
OSM_E_601304174-601304175-601304176-998463205_c3d435fcdb,1,수치지형도,1개,2022;2025;2026,4,True,False,공간 레이어 연결 수이며 독립적 사실 확인 수가 아님
OSM_E_60819380_0d2bedb788,0,,0개 (OSM only),2026,0,True,False,공간 레이어 연결 수이며 독립적 사실 확인 수가 아님
OSM_E_60819380_11ca288854,3,공공 횡단보도;수치지형도;정사영상,3개 이상,2022;2025;2026,4,True,False,공간 레이어 연결 수이며 독립적 사실 확인 수가 아님
OSM_E_60819380_1764c5c632,0,,0개 (OSM only),2026,0,True,False,공간 레이어 연결 수이며 독립적 사실 확인 수가 아님
OSM_E_60819380_205281e851,0,,0개 (OSM only),2026,0,True,False,공간 레이어 연결 수이며 독립적 사실 확인 수가 아님
OSM_E_60819380_25763fa4cc,0,,0개 (OSM only),2026,0,True,False,공간 레이어 연결 수이며 독립적 사실 확인 수가 아님
OSM_E_60819380_332ffbff6d,3,공공 횡단보도;수치지형도;정사영상,3개 이상,2022;2025;2026,4,True,False,공간 레이어 연결 수이며 독립적 사실 확인 수가 아님
OSM_E_60819380_3bdc9ecd31,3,공공 횡단보도;수치지형도;정사영상,3개 이상,2022;2025;2026,4,True,False,공간 레이어 연결 수이며 독립적 사실 확인 수가 아님
OSM_E_60819380_40a361c5c1,2,공공 횡단보도;정사영상,2개,2025;2026,1,True,False,공간 레이어 연결 수이며 독립적 사실 확인 수가 아님
OSM_E_60819380_845dffc5af,3,공공 횡단보도;수치지형도;정사영상,3개 이상,2022;2025;2026,4,True,False,공간 레이어 연결 수이며 독립적 사실 확인 수가 아님
OSM_E_60819380_8aca778b9e,2,공공 횡단보도;정사영상,2개,2025;2026,1,True,False,공간 레이어 연결 수이며 독립적 사실 확인 수가 아님
OSM_E_60819380_a0adb89a4e,0,,0개 (OSM only),2026,0,True,False,공간 레이어 연결 수이며 독립적 사실 확인 수가 아님
OSM_E_60819380_c2b1db4e64,3,공공 횡단보도;수치지형도;정사영상,3개 이상,2022;2025;2026,4,True,False,공간 레이어 연결 수이며 독립적 사실 확인 수가 아님
OSM_E_60819380_dbfec3fd30,0,,0개 (OSM only),2026,0,True,False,공간 레이어 연결 수이며 독립적 사실 확인 수가 아님
OSM_E_60819380_e00445a7b0,2,공공 횡단보도;정사영상,2개,2025;2026,1,True,False,공간 레이어 연결 수이며 독립적 사실 확인 수가 아님
OSM_E_60819380_f138c80819,0,,0개 (OSM only),2026,0,True,False,공간 레이어 연결 수이며 독립적 사실 확인 수가 아님
OSM_E_60819380_f9853ffcba,0,,0개 (OSM only),2026,0,True,False,공간 레이어 연결 수이며 독립적 사실 확인 수가 아님
OSM_E_60819380_fa291dd1d2,3,공공 횡단보도;수치지형도;정사영상,3개 이상,2022;2025;2026,4,True,False,공간 레이어 연결 수이며 독립적 사실 확인 수가 아님
OSM_E_635933054_acccb33611,3,공공 횡단보도;수치지형도;정사영상,3개 이상,2025;2026,1,True,False,공간 레이어 연결 수이며 독립적 사실 확인 수가 아님
OSM_E_651748871_f4f90f059a,1,수치지형도,1개,2022;2025;2026,4,True,False,공간 레이어 연결 수이며 독립적 사실 확인 수가 아님
OSM_E_706308832_73313b9c85,0,,0개 (OSM only),2026,0,True,False,공간 레이어 연결 수이며 독립적 사실 확인 수가 아님
OSM_E_780189846_8e4bb7fcdc,0,,0개 (OSM only),2026,0,True,False,공간 레이어 연결 수이며 독립적 사실 확인 수가 아님
OSM_E_780189846_d4d2c0dd2b,0,,0개 (OSM only),2026,0,True,False,공간 레이어 연결 수이며 독립적 사실 확인 수가 아님
OSM_E_780189847_1017a2ed19,0,,0개 (OSM only),2026,0,True,False,공간 레이어 연결 수이며 독립적 사실 확인 수가 아님
OSM_E_780189847_91fb76a7fb,0,,0개 (OSM only),2026,0,True,False,공간 레이어 연결 수이며 독립적 사실 확인 수가 아님
OSM_E_808571120_858bc114a3,1,수치지형도,1개,2025;2026,1,True,False,공간 레이어 연결 수이며 독립적 사실 확인 수가 아님
OSM_E_809386751_e2eb137bb9,0,,0개 (OSM only),2026,0,True,False,공간 레이어 연결 수이며 독립적 사실 확인 수가 아님
OSM_E_814055254_46dd248152,3,공공 횡단보도;수치지형도;정사영상,3개 이상,2025;2026,1,True,False,공간 레이어 연결 수이며 독립적 사실 확인 수가 아님
OSM_E_814055254_472f20a0dd,3,공공 횡단보도;수치지형도;정사영상,3개 이상,2025;2026,1,True,False,공간 레이어 연결 수이며 독립적 사실 확인 수가 아님
OSM_E_814055254_79ab7e0305,2,공공 횡단보도;정사영상,2개,2025;2026,1,True,False,공간 레이어 연결 수이며 독립적 사실 확인 수가 아님
OSM_E_814055256_1e9a5e1024,2,공공 횡단보도;정사영상,2개,2025;2026,1,True,False,공간 레이어 연결 수이며 독립적 사실 확인 수가 아님
OSM_E_814055256_2a93e9941a,3,공공 횡단보도;수치지형도;정사영상,3개 이상,2025;2026,1,True,False,공간 레이어 연결 수이며 독립적 사실 확인 수가 아님
OSM_E_814055256_3a90fc2f71,2,공공 횡단보도;정사영상,2개,2025;2026,1,True,False,공간 레이어 연결 수이며 독립적 사실 확인 수가 아님
OSM_E_814338812_386d9f6ef6,0,,0개 (OSM only),2026,0,True,False,공간 레이어 연결 수이며 독립적 사실 확인 수가 아님
OSM_E_814338813_74e1def732,0,,0개 (OSM only),2026,0,True,False,공간 레이어 연결 수이며 독립적 사실 확인 수가 아님
OSM_E_814338814_93214637ff,2,공공 횡단보도;정사영상,2개,2025;2026,1,True,False,공간 레이어 연결 수이며 독립적 사실 확인 수가 아님
OSM_E_814338815_d50218b4bf,2,공공 횡단보도;정사영상,2개,2025;2026,1,True,False,공간 레이어 연결 수이며 독립적 사실 확인 수가 아님
OSM_E_814338816_04d9a9cf78,0,,0개 (OSM only),2026,0,True,False,공간 레이어 연결 수이며 독립적 사실 확인 수가 아님
OSM_E_814338816_89e2521b50,0,,0개 (OSM only),2026,0,True,False,공간 레이어 연결 수이며 독립적 사실 확인 수가 아님
OSM_E_814338816_93346b0454,3,공공 횡단보도;수치지형도;정사영상,3개 이상,2022;2025;2026,4,True,False,공간 레이어 연결 수이며 독립적 사실 확인 수가 아님
OSM_E_814338816_d71b823ada,3,공공 횡단보도;수치지형도;정사영상,3개 이상,2025;2026,1,True,False,공간 레이어 연결 수이며 독립적 사실 확인 수가 아님
OSM_E_814338816_f0b4672c0f,0,,0개 (OSM only),2026,0,True,False,공간 레이어 연결 수이며 독립적 사실 확인 수가 아님
OSM_E_815577073-844141924_ea899fa812,1,수치지형도,1개,2022;2025;2026,4,True,False,공간 레이어 연결 수이며 독립적 사실 확인 수가 아님
OSM_E_815630741_0cfed11059,0,,0개 (OSM only),2026,0,True,False,공간 레이어 연결 수이며 독립적 사실 확인 수가 아님
OSM_E_82905077-927236592_098f581df5,3,공공 횡단보도;수치지형도;정사영상,3개 이상,2025;2026,1,True,False,공간 레이어 연결 수이며 독립적 사실 확인 수가 아님
OSM_E_82905077_ad0b816160,2,공공 횡단보도;정사영상,2개,2025;2026,1,True,False,공간 레이어 연결 수이며 독립적 사실 확인 수가 아님
OSM_E_82908648_1ab89f2446,1,수치지형도,1개,2025;2026,1,True,False,공간 레이어 연결 수이며 독립적 사실 확인 수가 아님
OSM_E_82908648_42aa0709ed,1,수치지형도,1개,2025;2026,1,True,False,공간 레이어 연결 수이며 독립적 사실 확인 수가 아님
OSM_E_82908648_52452c047a,0,,0개 (OSM only),2026,0,True,False,공간 레이어 연결 수이며 독립적 사실 확인 수가 아님
OSM_E_82908648_bc495b4b83,1,수치지형도,1개,2025;2026,1,True,False,공간 레이어 연결 수이며 독립적 사실 확인 수가 아님
OSM_E_82908648_dd41f861af,3,공공 횡단보도;수치지형도;정사영상,3개 이상,2025;2026,1,True,False,공간 레이어 연결 수이며 독립적 사실 확인 수가 아님
OSM_E_82908648_e430c80696,2,공공 횡단보도;정사영상,2개,2025;2026,1,True,False,공간 레이어 연결 수이며 독립적 사실 확인 수가 아님
OSM_E_82909489_2cb0a16732,0,,0개 (OSM only),2026,0,True,False,공간 레이어 연결 수이며 독립적 사실 확인 수가 아님
OSM_E_82909489_4d98ff8cd2,0,,0개 (OSM only),2026,0,True,False,공간 레이어 연결 수이며 독립적 사실 확인 수가 아님
OSM_E_82909489_757785706c,0,,0개 (OSM only),2026,0,True,False,공간 레이어 연결 수이며 독립적 사실 확인 수가 아님
OSM_E_82909489_9e7ad99699,2,공공 횡단보도;정사영상,2개,2025;2026,1,True,False,공간 레이어 연결 수이며 독립적 사실 확인 수가 아님
OSM_E_82909489_b4282e6d59,0,,0개 (OSM only),2026,0,True,False,공간 레이어 연결 수이며 독립적 사실 확인 수가 아님
OSM_E_82909489_c91cdc23b7,0,,0개 (OSM only),2026,0,True,False,공간 레이어 연결 수이며 독립적 사실 확인 수가 아님
OSM_E_82909489_f6a62d6ed5,3,공공 횡단보도;수치지형도;정사영상,3개 이상,2022;2025;2026,4,True,False,공간 레이어 연결 수이며 독립적 사실 확인 수가 아님
OSM_E_82909600_1068c47386,0,,0개 (OSM only),2026,0,True,False,공간 레이어 연결 수이며 독립적 사실 확인 수가 아님
OSM_E_82909600_aff0a66896,0,,0개 (OSM only),2026,0,True,False,공간 레이어 연결 수이며 독립적 사실 확인 수가 아님
OSM_E_82909600_dbb83f9502,0,,0개 (OSM only),2026,0,True,False,공간 레이어 연결 수이며 독립적 사실 확인 수가 아님
OSM_E_82909653_69d40a82a2,2,공공 횡단보도;정사영상,2개,2025;2026,1,True,False,공간 레이어 연결 수이며 독립적 사실 확인 수가 아님
OSM_E_82909653_6d08ece987,0,,0개 (OSM only),2026,0,True,False,공간 레이어 연결 수이며 독립적 사실 확인 수가 아님
OSM_E_82909769_30950bd6f6,2,공공 횡단보도;정사영상,2개,2025;2026,1,True,False,공간 레이어 연결 수이며 독립적 사실 확인 수가 아님
OSM_E_82909769_78c6aa7bfe,0,,0개 (OSM only),2026,0,True,False,공간 레이어 연결 수이며 독립적 사실 확인 수가 아님
OSM_E_82909769_7ffd944560,0,,0개 (OSM only),2026,0,True,False,공간 레이어 연결 수이며 독립적 사실 확인 수가 아님
OSM_E_82909769_a3a9d9d638,0,,0개 (OSM only),2026,0,True,False,공간 레이어 연결 수이며 독립적 사실 확인 수가 아님
OSM_E_82909769_daa9a24cf9,0,,0개 (OSM only),2026,0,True,False,공간 레이어 연결 수이며 독립적 사실 확인 수가 아님
OSM_E_82909813_3a289f7f84,0,,0개 (OSM only),2026,0,True,False,공간 레이어 연결 수이며 독립적 사실 확인 수가 아님
OSM_E_82909813_a22c3cb4fb,0,,0개 (OSM only),2026,0,True,False,공간 레이어 연결 수이며 독립적 사실 확인 수가 아님
OSM_E_83335328-318699996-685069337_d064c91e96,3,공공 횡단보도;수치지형도;정사영상,3개 이상,2025;2026,1,True,False,공간 레이어 연결 수이며 독립적 사실 확인 수가 아님
OSM_E_837321092_0f4afe4715,3,공공 횡단보도;수치지형도;정사영상,3개 이상,2022;2025;2026,4,True,False,공간 레이어 연결 수이며 독립적 사실 확인 수가 아님
OSM_E_837321092_44a3cba982,0,,0개 (OSM only),2026,0,True,False,공간 레이어 연결 수이며 독립적 사실 확인 수가 아님
OSM_E_837321092_a967208022,0,,0개 (OSM only),2026,0,True,False,공간 레이어 연결 수이며 독립적 사실 확인 수가 아님
OSM_E_837321092_e19b7a2c83,0,,0개 (OSM only),2026,0,True,False,공간 레이어 연결 수이며 독립적 사실 확인 수가 아님
OSM_E_837321093_3eebe5740f,0,,0개 (OSM only),2026,0,True,False,공간 레이어 연결 수이며 독립적 사실 확인 수가 아님
OSM_E_837321096_03e193e4f6,1,수치지형도,1개,2022;2025;2026,4,True,False,공간 레이어 연결 수이며 독립적 사실 확인 수가 아님
OSM_E_837321096_481df64db4,0,,0개 (OSM only),2026,0,True,False,공간 레이어 연결 수이며 독립적 사실 확인 수가 아님
OSM_E_837321098_ed4fd99d32,3,공공 횡단보도;수치지형도;정사영상,3개 이상,2022;2025;2026,4,True,False,공간 레이어 연결 수이며 독립적 사실 확인 수가 아님
OSM_E_837321099_b54a9f3cc0,0,,0개 (OSM only),2026,0,True,False,공간 레이어 연결 수이며 독립적 사실 확인 수가 아님
OSM_E_837760800_faec1a45b9,0,,0개 (OSM only),2026,0,True,False,공간 레이어 연결 수이며 독립적 사실 확인 수가 아님
OSM_E_837760801-837760802_205058affb,0,,0개 (OSM only),2026,0,True,False,공간 레이어 연결 수이며 독립적 사실 확인 수가 아님
OSM_E_837760801_41e365fa11,0,,0개 (OSM only),2026,0,True,False,공간 레이어 연결 수이며 독립적 사실 확인 수가 아님
OSM_E_837760801_6ca1e74b8d,0,,0개 (OSM only),2026,0,True,False,공간 레이어 연결 수이며 독립적 사실 확인 수가 아님
OSM_E_837760802_f6f5facd23,0,,0개 (OSM only),2026,0,True,False,공간 레이어 연결 수이며 독립적 사실 확인 수가 아님
OSM_E_837760803_da00564329,0,,0개 (OSM only),2026,0,True,False,공간 레이어 연결 수이며 독립적 사실 확인 수가 아님
OSM_E_837760804_f4ee9e1a87,1,수치지형도,1개,2022;2025;2026,4,True,False,공간 레이어 연결 수이며 독립적 사실 확인 수가 아님
OSM_E_837760805-837760806-837760808_3ef220d3ee,0,,0개 (OSM only),2026,0,True,False,공간 레이어 연결 수이며 독립적 사실 확인 수가 아님
OSM_E_837760805_b9b4ab1354,0,,0개 (OSM only),2026,0,True,False,공간 레이어 연결 수이며 독립적 사실 확인 수가 아님
OSM_E_837760809_ebda2e4762,0,,0개 (OSM only),2026,0,True,False,공간 레이어 연결 수이며 독립적 사실 확인 수가 아님
OSM_E_837760810-837760811_22cb569b77,1,수치지형도,1개,2022;2025;2026,4,True,False,공간 레이어 연결 수이며 독립적 사실 확인 수가 아님
OSM_E_837760812-837760813-837760814-837760815-837760816-837760817-837760818_f4c882b996,0,,0개 (OSM only),2026,0,True,False,공간 레이어 연결 수이며 독립적 사실 확인 수가 아님
OSM_E_837760812_66d3c4dbe7,0,,0개 (OSM only),2026,0,True,False,공간 레이어 연결 수이며 독립적 사실 확인 수가 아님
OSM_E_843067493_b5a41be325,0,,0개 (OSM only),2026,0,True,False,공간 레이어 연결 수이며 독립적 사실 확인 수가 아님
OSM_E_843067494_1af41d7a06,0,,0개 (OSM only),2026,0,True,False,공간 레이어 연결 수이며 독립적 사실 확인 수가 아님
OSM_E_844169904_d04edcb4e0,0,,0개 (OSM only),2026,0,True,False,공간 레이어 연결 수이며 독립적 사실 확인 수가 아님
OSM_E_844174049_306dca2517,0,,0개 (OSM only),2026,0,True,False,공간 레이어 연결 수이며 독립적 사실 확인 수가 아님
OSM_E_844174050_1d4c0e9af2,0,,0개 (OSM only),2026,0,True,False,공간 레이어 연결 수이며 독립적 사실 확인 수가 아님
OSM_E_844174051_d2c325ad89,0,,0개 (OSM only),2026,0,True,False,공간 레이어 연결 수이며 독립적 사실 확인 수가 아님
OSM_E_844180368_aa95498182,3,공공 횡단보도;수치지형도;정사영상,3개 이상,2022;2025;2026,4,True,False,공간 레이어 연결 수이며 독립적 사실 확인 수가 아님
OSM_E_844180369_d83e12bea7,0,,0개 (OSM only),2026,0,True,False,공간 레이어 연결 수이며 독립적 사실 확인 수가 아님
OSM_E_844180370_7000a9514d,0,,0개 (OSM only),2026,0,True,False,공간 레이어 연결 수이며 독립적 사실 확인 수가 아님
OSM_E_844194401_94d09c08bd,1,수치지형도,1개,2022;2025;2026,4,True,False,공간 레이어 연결 수이며 독립적 사실 확인 수가 아님
OSM_E_845958133_2cd04dca99,1,수치지형도,1개,2022;2025;2026,4,True,False,공간 레이어 연결 수이며 독립적 사실 확인 수가 아님
OSM_E_863717798_b91decf049,1,수치지형도,1개,2025;2026,1,True,False,공간 레이어 연결 수이며 독립적 사실 확인 수가 아님
OSM_E_863717799_0f4f4b11c1,3,공공 횡단보도;수치지형도;정사영상,3개 이상,2022;2025;2026,4,True,False,공간 레이어 연결 수이며 독립적 사실 확인 수가 아님
OSM_E_863717799_142610fbb7,3,공공 횡단보도;수치지형도;정사영상,3개 이상,2022;2025;2026,4,True,False,공간 레이어 연결 수이며 독립적 사실 확인 수가 아님
OSM_E_863717799_2dada9cde9,3,공공 횡단보도;수치지형도;정사영상,3개 이상,2022;2025;2026,4,True,False,공간 레이어 연결 수이며 독립적 사실 확인 수가 아님
OSM_E_863717799_38130d501d,3,공공 횡단보도;수치지형도;정사영상,3개 이상,2022;2025;2026,4,True,False,공간 레이어 연결 수이며 독립적 사실 확인 수가 아님
OSM_E_863717799_876df58d23,0,,0개 (OSM only),2026,0,True,False,공간 레이어 연결 수이며 독립적 사실 확인 수가 아님
OSM_E_863717799_b143cc8e92,3,공공 횡단보도;수치지형도;정사영상,3개 이상,2022;2025;2026,4,True,False,공간 레이어 연결 수이며 독립적 사실 확인 수가 아님
OSM_E_863717799_e02094f217,2,공공 횡단보도;정사영상,2개,2025;2026,1,True,False,공간 레이어 연결 수이며 독립적 사실 확인 수가 아님
OSM_E_863717799_ff5d7e1375,2,공공 횡단보도;정사영상,2개,2025;2026,1,True,False,공간 레이어 연결 수이며 독립적 사실 확인 수가 아님
OSM_E_878652488-878652489-878652491-878652492-878652539_585a2d0492,1,수치지형도,1개,2022;2025;2026,4,True,False,공간 레이어 연결 수이며 독립적 사실 확인 수가 아님
OSM_E_878652490_57d39dc2a2,0,,0개 (OSM only),2026,0,True,False,공간 레이어 연결 수이며 독립적 사실 확인 수가 아님
OSM_E_878652524_92e250bd82,0,,0개 (OSM only),2026,0,True,False,공간 레이어 연결 수이며 독립적 사실 확인 수가 아님
OSM_E_878652527_dee347f964,0,,0개 (OSM only),2026,0,True,False,공간 레이어 연결 수이며 독립적 사실 확인 수가 아님
OSM_E_878652531_77df2780b7,0,,0개 (OSM only),2026,0,True,False,공간 레이어 연결 수이며 독립적 사실 확인 수가 아님
OSM_E_878652543_9fbcd03818,0,,0개 (OSM only),2026,0,True,False,공간 레이어 연결 수이며 독립적 사실 확인 수가 아님
OSM_E_878652557_85f6d0e8ba,1,수치지형도,1개,2025;2026,1,True,False,공간 레이어 연결 수이며 독립적 사실 확인 수가 아님
OSM_E_878652558_6738c451d9,0,,0개 (OSM only),2026,0,True,False,공간 레이어 연결 수이며 독립적 사실 확인 수가 아님
OSM_E_878652559_ad91ac8f30,0,,0개 (OSM only),2026,0,True,False,공간 레이어 연결 수이며 독립적 사실 확인 수가 아님
OSM_E_878652560_e85d29e3bf,0,,0개 (OSM only),2026,0,True,False,공간 레이어 연결 수이며 독립적 사실 확인 수가 아님
OSM_E_878652562_c4eb4c0605,1,수치지형도,1개,2025;2026,1,True,False,공간 레이어 연결 수이며 독립적 사실 확인 수가 아님
OSM_E_878652563_76022ceea5,1,수치지형도,1개,2025;2026,1,True,False,공간 레이어 연결 수이며 독립적 사실 확인 수가 아님
OSM_E_915477945_1d0c7ffd44,0,,0개 (OSM only),2026,0,True,False,공간 레이어 연결 수이며 독립적 사실 확인 수가 아님
OSM_E_915477945_a964c69b73,3,공공 횡단보도;수치지형도;정사영상,3개 이상,2022;2025;2026,4,True,False,공간 레이어 연결 수이며 독립적 사실 확인 수가 아님
OSM_E_915477945_e42578c6c3,3,공공 횡단보도;수치지형도;정사영상,3개 이상,2022;2025;2026,4,True,False,공간 레이어 연결 수이며 독립적 사실 확인 수가 아님
OSM_E_915477947_20322cb470,0,,0개 (OSM only),2026,0,True,False,공간 레이어 연결 수이며 독립적 사실 확인 수가 아님
OSM_E_915477947_2499a5a0fa,3,공공 횡단보도;수치지형도;정사영상,3개 이상,2022;2025;2026,4,True,False,공간 레이어 연결 수이며 독립적 사실 확인 수가 아님
OSM_E_915477947_2a7346f0c3,0,,0개 (OSM only),2026,0,True,False,공간 레이어 연결 수이며 독립적 사실 확인 수가 아님
OSM_E_915477947_d2ce447501,3,공공 횡단보도;수치지형도;정사영상,3개 이상,2022;2025;2026,4,True,False,공간 레이어 연결 수이며 독립적 사실 확인 수가 아님
OSM_E_915477947_e2b2a2a4a7,0,,0개 (OSM only),2026,0,True,False,공간 레이어 연결 수이며 독립적 사실 확인 수가 아님
OSM_E_915477949_957e25ccf8,0,,0개 (OSM only),2026,0,True,False,공간 레이어 연결 수이며 독립적 사실 확인 수가 아님
OSM_E_915477949_f212c014aa,0,,0개 (OSM only),2026,0,True,False,공간 레이어 연결 수이며 독립적 사실 확인 수가 아님
OSM_E_915477950_12db9bf2d0,3,공공 횡단보도;수치지형도;정사영상,3개 이상,2022;2025;2026,4,True,False,공간 레이어 연결 수이며 독립적 사실 확인 수가 아님
OSM_E_915477950_37db09f9c0,0,,0개 (OSM only),2026,0,True,False,공간 레이어 연결 수이며 독립적 사실 확인 수가 아님
OSM_E_915477950_3d69322e67,3,공공 횡단보도;수치지형도;정사영상,3개 이상,2022;2025;2026,4,True,False,공간 레이어 연결 수이며 독립적 사실 확인 수가 아님
OSM_E_915477950_573147c44c,0,,0개 (OSM only),2026,0,True,False,공간 레이어 연결 수이며 독립적 사실 확인 수가 아님
OSM_E_915477950_ab67cf4d52,0,,0개 (OSM only),2026,0,True,False,공간 레이어 연결 수이며 독립적 사실 확인 수가 아님
OSM_E_915477950_dfae5f6f89,3,공공 횡단보도;수치지형도;정사영상,3개 이상,2022;2025;2026,4,True,False,공간 레이어 연결 수이며 독립적 사실 확인 수가 아님
OSM_E_915477950_e6b1114495,0,,0개 (OSM only),2026,0,True,False,공간 레이어 연결 수이며 독립적 사실 확인 수가 아님
OSM_E_927235362_fb017f3c4b,0,,0개 (OSM only),2026,0,True,False,공간 레이어 연결 수이며 독립적 사실 확인 수가 아님
OSM_E_927235364_189a0933d6,0,,0개 (OSM only),2026,0,True,False,공간 레이어 연결 수이며 독립적 사실 확인 수가 아님
OSM_E_927235364_3b947a2400,0,,0개 (OSM only),2026,0,True,False,공간 레이어 연결 수이며 독립적 사실 확인 수가 아님
OSM_E_927236591_1c1fcd440d,0,,0개 (OSM only),2026,0,True,False,공간 레이어 연결 수이며 독립적 사실 확인 수가 아님
OSM_E_927236591_b4688cb995,1,수치지형도,1개,2025;2026,1,True,False,공간 레이어 연결 수이며 독립적 사실 확인 수가 아님
OSM_E_927236593_2ed3cca25a,1,수치지형도,1개,2025;2026,1,True,False,공간 레이어 연결 수이며 독립적 사실 확인 수가 아님
OSM_E_927236595_5cd55669c4,0,,0개 (OSM only),2026,0,True,False,공간 레이어 연결 수이며 독립적 사실 확인 수가 아님
OSM_E_927242296_81ea59492a,3,공공 횡단보도;수치지형도;정사영상,3개 이상,2025;2026,1,True,False,공간 레이어 연결 수이며 독립적 사실 확인 수가 아님
OSM_E_969817600_0dd9fdb6d8,0,,0개 (OSM only),2026,0,True,False,공간 레이어 연결 수이며 독립적 사실 확인 수가 아님
OSM_E_969817600_7caefef1bf,0,,0개 (OSM only),2026,0,True,False,공간 레이어 연결 수이며 독립적 사실 확인 수가 아님
OSM_E_969817600_bc05d710a3,0,,0개 (OSM only),2026,0,True,False,공간 레이어 연결 수이며 독립적 사실 확인 수가 아님
OSM_E_969817600_c7a6994473,0,,0개 (OSM only),2026,0,True,False,공간 레이어 연결 수이며 독립적 사실 확인 수가 아님
OSM_E_969817601_aacfb702e6,0,,0개 (OSM only),2026,0,True,False,공간 레이어 연결 수이며 독립적 사실 확인 수가 아님
OSM_E_969817603_154c232371,0,,0개 (OSM only),2026,0,True,False,공간 레이어 연결 수이며 독립적 사실 확인 수가 아님
OSM_E_969817603_314a543856,1,수치지형도,1개,2022;2025;2026,4,True,False,공간 레이어 연결 수이며 독립적 사실 확인 수가 아님
OSM_E_969817603_bbfb29af6f,0,,0개 (OSM only),2026,0,True,False,공간 레이어 연결 수이며 독립적 사실 확인 수가 아님
OSM_E_969817603_ce00bad849,0,,0개 (OSM only),2026,0,True,False,공간 레이어 연결 수이며 독립적 사실 확인 수가 아님
OSM_E_969817604_98c05a77b3,0,,0개 (OSM only),2026,0,True,False,공간 레이어 연결 수이며 독립적 사실 확인 수가 아님
OSM_E_969817605_cc7189d9fd,0,,0개 (OSM only),2026,0,True,False,공간 레이어 연결 수이며 독립적 사실 확인 수가 아님
OSM_E_969817607_d7701b6d37,0,,0개 (OSM only),2026,0,True,False,공간 레이어 연결 수이며 독립적 사실 확인 수가 아님
OSM_E_969817610_0991fe3155,1,수치지형도,1개,2022;2025;2026,4,True,False,공간 레이어 연결 수이며 독립적 사실 확인 수가 아님
OSM_E_969817610_b923ff8cff,0,,0개 (OSM only),2026,0,True,False,공간 레이어 연결 수이며 독립적 사실 확인 수가 아님
OSM_E_969817611_1c520b78c8,0,,0개 (OSM only),2026,0,True,False,공간 레이어 연결 수이며 독립적 사실 확인 수가 아님
OSM_E_969817613_12076e4cae,0,,0개 (OSM only),2026,0,True,False,공간 레이어 연결 수이며 독립적 사실 확인 수가 아님
OSM_E_969817613_53b52b60a6,1,수치지형도,1개,2022;2025;2026,4,True,False,공간 레이어 연결 수이며 독립적 사실 확인 수가 아님
OSM_E_969817614_15ac4285f9,0,,0개 (OSM only),2026,0,True,False,공간 레이어 연결 수이며 독립적 사실 확인 수가 아님
OSM_E_969817614_d84fc2abb5,0,,0개 (OSM only),2026,0,True,False,공간 레이어 연결 수이며 독립적 사실 확인 수가 아님
OSM_E_969817614_ea4e31abbc,0,,0개 (OSM only),2026,0,True,False,공간 레이어 연결 수이며 독립적 사실 확인 수가 아님
OSM_E_969817614_ffd9c57ba4,0,,0개 (OSM only),2026,0,True,False,공간 레이어 연결 수이며 독립적 사실 확인 수가 아님
OSM_E_969817615_206056eba7,0,,0개 (OSM only),2026,0,True,False,공간 레이어 연결 수이며 독립적 사실 확인 수가 아님
OSM_E_997730439-997730443_9e1ef4de17,0,,0개 (OSM only),2026,0,True,False,공간 레이어 연결 수이며 독립적 사실 확인 수가 아님
OSM_E_997730440-997730441_9efb052e60,1,수치지형도,1개,2022;2025;2026,4,True,False,공간 레이어 연결 수이며 독립적 사실 확인 수가 아님
OSM_E_997730442_5151fd555e,0,,0개 (OSM only),2026,0,True,False,공간 레이어 연결 수이며 독립적 사실 확인 수가 아님
OSM_E_997743007_4352ab6a40,0,,0개 (OSM only),2026,0,True,False,공간 레이어 연결 수이며 독립적 사실 확인 수가 아님
OSM_E_997743008_5c80fbac36,1,수치지형도,1개,2022;2025;2026,4,True,False,공간 레이어 연결 수이며 독립적 사실 확인 수가 아님
OSM_E_997743009_09800744b5,0,,0개 (OSM only),2026,0,True,False,공간 레이어 연결 수이며 독립적 사실 확인 수가 아님
OSM_E_997743010_baf56641cd,0,,0개 (OSM only),2026,0,True,False,공간 레이어 연결 수이며 독립적 사실 확인 수가 아님
OSM_E_997743011-997743020_f86bb457bf,0,,0개 (OSM only),2026,0,True,False,공간 레이어 연결 수이며 독립적 사실 확인 수가 아님
OSM_E_997743012_22549aa16a,0,,0개 (OSM only),2026,0,True,False,공간 레이어 연결 수이며 독립적 사실 확인 수가 아님
OSM_E_997743012_cb473f5f46,1,수치지형도,1개,2022;2025;2026,4,True,False,공간 레이어 연결 수이며 독립적 사실 확인 수가 아님
OSM_E_997743013_32d6ca5706,0,,0개 (OSM only),2026,0,True,False,공간 레이어 연결 수이며 독립적 사실 확인 수가 아님
OSM_E_997743013_a5d9a6fed7,1,수치지형도,1개,2022;2025;2026,4,True,False,공간 레이어 연결 수이며 독립적 사실 확인 수가 아님
OSM_E_997743013_ce29a86d55,0,,0개 (OSM only),2026,0,True,False,공간 레이어 연결 수이며 독립적 사실 확인 수가 아님
OSM_E_997743014_9b940d4f7e,0,,0개 (OSM only),2026,0,True,False,공간 레이어 연결 수이며 독립적 사실 확인 수가 아님
OSM_E_997743014_c6460d393f,3,공공 횡단보도;수치지형도;정사영상,3개 이상,2022;2025;2026,4,True,False,공간 레이어 연결 수이며 독립적 사실 확인 수가 아님
OSM_E_997743015-997743018_e9d577f52f,0,,0개 (OSM only),2026,0,True,False,공간 레이어 연결 수이며 독립적 사실 확인 수가 아님
OSM_E_997743015_9e6e79d622,0,,0개 (OSM only),2026,0,True,False,공간 레이어 연결 수이며 독립적 사실 확인 수가 아님
OSM_E_997743016-997743019_59c057fcb7,0,,0개 (OSM only),2026,0,True,False,공간 레이어 연결 수이며 독립적 사실 확인 수가 아님
OSM_E_997743017_acaf2fc62c,1,수치지형도,1개,2022;2025;2026,4,True,False,공간 레이어 연결 수이며 독립적 사실 확인 수가 아님
OSM_E_997743861_1fbb348bd3,0,,0개 (OSM only),2026,0,True,False,공간 레이어 연결 수이며 독립적 사실 확인 수가 아님
OSM_E_997748697_b9dcc9108c,1,수치지형도,1개,2025;2026,1,True,False,공간 레이어 연결 수이며 독립적 사실 확인 수가 아님
OSM_E_997748698_ad59fe0d4e,1,수치지형도,1개,2025;2026,1,True,False,공간 레이어 연결 수이며 독립적 사실 확인 수가 아님
OSM_E_998179361_7decd436af,2,공공 횡단보도;정사영상,2개,2025;2026,1,True,False,공간 레이어 연결 수이며 독립적 사실 확인 수가 아님
OSM_E_998179364_943287d3d1,1,수치지형도,1개,2025;2026,1,True,False,공간 레이어 연결 수이며 독립적 사실 확인 수가 아님
OSM_E_998459720_87016d4f1a,3,공공 횡단보도;수치지형도;정사영상,3개 이상,2022;2025;2026,4,True,False,공간 레이어 연결 수이며 독립적 사실 확인 수가 아님
OSM_E_998463203_2e001477c8,1,수치지형도,1개,2022;2025;2026,4,True,False,공간 레이어 연결 수이며 독립적 사실 확인 수가 아님
OSM_E_998463204_f8e712c0e8,3,공공 횡단보도;수치지형도;정사영상,3개 이상,2022;2025;2026,4,True,False,공간 레이어 연결 수이며 독립적 사실 확인 수가 아님
OSM_E_998463207-998463213_3c61c9283d,1,수치지형도,1개,2022;2025;2026,4,True,False,공간 레이어 연결 수이며 독립적 사실 확인 수가 아님
OSM_E_998463210_06e7c754f6,0,,0개 (OSM only),2026,0,True,False,공간 레이어 연결 수이며 독립적 사실 확인 수가 아님
OSM_E_998463210_7dec04fc93,0,,0개 (OSM only),2026,0,True,False,공간 레이어 연결 수이며 독립적 사실 확인 수가 아님
OSM_E_998463211_00831f98e8,0,,0개 (OSM only),2026,0,True,False,공간 레이어 연결 수이며 독립적 사실 확인 수가 아님
OSM_E_998463212_fb79cec90e,0,,0개 (OSM only),2026,0,True,False,공간 레이어 연결 수이며 독립적 사실 확인 수가 아님
OSM_E_998463214-998463215-998463216_f14383982b,1,수치지형도,1개,2022;2025;2026,4,True,False,공간 레이어 연결 수이며 독립적 사실 확인 수가 아님
OSM_E_998463217_8582ee653a,1,수치지형도,1개,2022;2025;2026,4,True,False,공간 레이어 연결 수이며 독립적 사실 확인 수가 아님
OSM_E_998468616_be92e02a64,1,수치지형도,1개,2025;2026,1,True,False,공간 레이어 연결 수이며 독립적 사실 확인 수가 아님
OSM_E_998470563_dcb262e228,0,,0개 (OSM only),2026,0,True,False,공간 레이어 연결 수이며 독립적 사실 확인 수가 아님
OSM_E_998470564_87248438a2,0,,0개 (OSM only),2026,0,True,False,공간 레이어 연결 수이며 독립적 사실 확인 수가 아님
OSM_E_998470564_d4ccee9a2a,0,,0개 (OSM only),2026,0,True,False,공간 레이어 연결 수이며 독립적 사실 확인 수가 아님
OSM_E_998470564_fafbf4041f,0,,0개 (OSM only),2026,0,True,False,공간 레이어 연결 수이며 독립적 사실 확인 수가 아님
OSM_E_998470565_3b1c1f4211,0,,0개 (OSM only),2026,0,True,False,공간 레이어 연결 수이며 독립적 사실 확인 수가 아님
